state,id,title,description,url,applyMethod,company,location,applies,views,expireAt,formattedJobFunctions,jobFunctions,industries,formattedIndustries,formattedExperienceLevel,listedAt,originalListedAt,skills
LISTED,4127581945,Ayudante General - STELLANTIS,"¡Estamos buscando talento para hacer grandes cosas juntos!

Hemos sido una parte integral del crecimiento de las empresas industriales y de manufactura más grandes del mundo, desde la industria aeroespacial y automotriz hasta los metales primarios y la energía.

Ubicación: Boulevard Miguel Ramos Arizpe No 124 Sur, Saltillo, Zona Industrial, 25900 Ramos Arizpe, Coahuila.

Tareas

Comunicación efectiva con el clienteRevisión de productos en procesoSoporte de análisis en el sitioOrden y limpieza de áreas de trabajo.Dosificación de producto de acuerdo con las indicaciones del supervisor y clienteReportes de concentración, consumos de agua y refrigeranteInventarios en sitio del clienteCarga y descarga de productos QuímicosFlexibilidad para adaptarse a cambios de actividades (Ej. Limpieza de equipos, decapar piezas, etc.)


Requisitos

Secundaria terminada


Beneficios

Sueldo: $10,500 MXN mensualBono de comedor $1,800 MXN mensuales30 días de aguinaldo75% Prima Vacacional10% vales de despensa13% Fondo de ahorroGastos médicos menoresSeguro de vidaComedor gratuitoServicio de taxi para transporte


¡Únete al mejor equipo de trabajo y hagamos grandes cosas juntos!",https://www.linkedin.com/jobs/view/4127581945/,"{'companyApplyUrl': 'https://join.com/companies/quakerhoughton/13320014-ayudante-general-stellantis?pid=e65242534431eadcb0c9', 'easyApplyUrl': ''}","{'id': 14825201, 'name': 'Quaker Houghton', 'universalName': 'quakerhoughton', 'description': 'Quaker Houghton (NYSE: KWR) is the global leader in industrial process fluids, with more than 4,000 employees including chemists, engineers and industry experts, and operations in over 25 countries. Our customers include the world’s most advanced steel, aluminum, automotive, aerospace, offshore, can, mining, and metalworking companies. \n\nWe partner with our customers to take on their challenges as our own by bringing the right combination of technical and business savvy to gain more efficient, more effective operations so that they can face the opportunities of the future.  \n\nForward Together™\n\nQuaker Houghton Social Media House Rules\nhttps://www.quakerhoughton.com/social-media-rules/', 'logo': 'https://media.licdn.com/dms/image/v2/C4E0BAQGWeqj-Js2MZQ/company-logo_200_200/company-logo_200_200/0/1630587384544/quakerhoughton_logo?e=1744848000&v=beta&t=8nrcHL5pGl9JTHRi45SY34xRRkRFvYVfdA4PSfs6gfw', 'url': 'https://www.linkedin.com/company/quakerhoughton', 'followerCount': 103252, 'staffCount': 3287, 'staffCountRange': {'start': 1001, 'end': 5000}, 'specialities': ['Integrated Process Fluid Solutions for Primary Metals, Metalworking, Diecasting, Mining, Tube & Pipe', 'Formulation, application, and manufacturing process knowledge', 'Chemical management services'], 'industries': ['Chemical Manufacturing'], 'headquarter': {'geographicArea': 'Pennsylvania', 'country': 'US', 'city': 'Conshohocken', 'postalCode': '19428', 'line1': '901 E Hector St'}}","Ramos Arizpe, Coahuila, Mexico",not mentioned,3,1752595342000,['Production'],['PROD'],[54],['Chemical Manufacturing'],Entry level,1737043342000,1737043342000,not mentioned
LISTED,4095606023,Sales & Solutions Engineer,"Fiat Chrysler-STELLANTIS México ((Abarth, Alfa Romeo, Fiat, Lancia, Maserati, Jeep, Chrysler, Dodge y RAM, Peugeot, Citroën, DS, Opel y Vauxhall), empresa trasnacional del sector automotriz y de las 25 mejores empresas para trabajar en México, te invita a formar parte de su equipo como: Sales & Solutions Engineer
Mobilisights : Enabling a Smarter World:
Exponential growth in adoption and deployment of connected cars and devices is bringing previously unavailable datasets to market – at scale and in real-time. Our vision is a ‘smarter’ world where innovative applications and services leverage connected vehicle datasets, and the insights they provide, to dramatically transform and continually improve everyday lives for consumers and businesses. Stellantis, one of the largest global car makers and the parent company of dozens of iconic brands including Jeep, Fiat, Maserati, Peugeots, and more, has created Mobilisights, a Data Business Unit to harness sensor and other data from 10s of millions of connected vehicles as well as that from IoT/connected devices from external sources to build data products and services that can power hundreds of brand-new B2B and B2C applications, services, and decision-making across industries.
Your Mission
We are on a mission to be a leading global provider of the highest quality data products, services, and rich, actionable insights derived from connected car data in a privacy-compliant, non-discriminatory, and easy-to-consume fashion.
 As a Sales & Solutions Engineer in our rapidly growing Sales team in North America, you will collaborate closely with the sales, engineering, and product teams to identify new opportunities to drive revenue growth and deliver top-notch technical and strategic assistance for highly intricate and advanced deals.
Responsibilities
Priorities can change in a high-growth startup environment like ours, so this role includes, but is not limited to the following responsibilities:
You will be a technical matter expert in Mobilisights data products, helping prospects and partners by explaining technical features and be their problem-solving interface, removing any potential roadblocks to close a dealAct as a liaison between product and sales teams, translating technical feedback and remaining highly available to sales and other cross-functional teamsOversee smooth integration and onboarding of new customers on Mobilisights’ data platform and work with product and technical teams to complete proof-of-concept and/or co-development efforts to help establish reference accounts in new market segmentsEnable deeper engagement into customer accounts (integration, upsell, cross sell) by becoming a trusted advisor to current and prospective customersDemonstrate the value proposition of Mobilisights’ products and services and the platform's core capabilities via webinar sessions, at customer sites or field events such as conferences and trade shows
Basic Qualifications
Bachelor's degree5 years of experience in pre/post-sales engineering, customer success, professional services or a similar customer-facing role including 3 plus years of direct experience with technology/data products and platformsExperience developing technical GTM motions and strategies. Strong customer-centricity and problem-solving attitude to rapidly address customer issuesA blend of consultative selling skills and technical acumen to engage with product and engineering teams internally and in customer and partner accountsStrong analytical skills, with the ability to analyze customer data and develop actionable insightsFirst-hand experience working closely with early adopter customers to build solutions that scale for an entire market segmentProcess and data/analytics orientation with experience establishing processes: strong commitment to using tools and technology in managing sales process and tracking/reporting metrics Preferred Qualifications: 
Familiarity with common/popular tech stacks/architecture, cloud platforms, tools and applicationsConsistent track record of success selling complex technical solutions through strategic sales cyclesAbility to explain and present complex technical concepts to non-technical audiencesEntrepreneurial spirit, and readiness to take on challenges with building and scaling a new businessExperience with use-cases in data-centric verticals such as insurance, mobility, telematics, and fleets Experience with data from connected cars and devices Bachelor's degree in Computer Science, Electrical Engineering, Industrial Engineering or related field
We offer:
Direct hiringAbove the law benefits
EOE / Disability / Veteran At Stellantis, we assess candidates based on qualifications, merit and business needs. We welcome applications from people of all gender identities, age, ethnicity, nationality, religion, sexual orientation and disability. Diverse teams will allow us to better meet the evolving needs of our customers and care for our future.",https://www.linkedin.com/jobs/view/4095606023/,"{'companyApplyUrl': '', 'easyApplyUrl': 'https://www.linkedin.com/job-apply/4095606023'}","{'id': 66256333, 'name': 'Stellantis', 'universalName': 'stellantis', 'description': 'Our storied and iconic brands embody the passion of their visionary founders and today’s customers in their innovative products and services: they include Abarth, Alfa Romeo, Chrysler, Citroën, Dodge, DS Automobiles, Fiat, Jeep®, Lancia, Maserati, Opel, Peugeot, Ram, Vauxhall and mobility brands Free2move and Leasys. Powered by our diversity, we lead the way the world moves – aspiring to become the greatest sustainable mobility tech company, not the biggest, while creating added value for all stakeholders as well as the communities in which we operate. ', 'logo': 'https://media.licdn.com/dms/image/v2/C4D0BAQHURyWugU5A4g/company-logo_200_200/company-logo_200_200/0/1630577492034/stellantis_logo?e=1744848000&v=beta&t=E6Z_TooaqjAlwlhJjS3F-Y-J4gifYu7UvoSn4VIm8vA', 'url': 'https://www.linkedin.com/company/stellantis', 'followerCount': 2159280, 'staffCount': 111926, 'staffCountRange': {'start': 10001}, 'specialities': ['Automotive', 'Mobility', 'Tech'], 'industries': ['Motor Vehicle Manufacturing'], 'headquarter': {'country': 'NL', 'city': 'Amsterdam'}}","Mexico City, Mexico",558,2097,1739220383000,"['Engineering', 'Design']","['ENG', 'DSGN']","[53, 112]","['Motor Vehicle Manufacturing', 'Appliances, Electrical, and Electronics Manufacturing']",Mid-Senior level,1736461723000,1734036384000,not mentioned
LISTED,4106845888,Stellantis - Indirect Purchasing Buyer - Cleaning & Waste (Temporary 18 month),"STELLANTIS México, empresa trasnacional del sector automotriz y de las 25 mejores empresas para trabajar en México, te invita a formar parte de su equipo como:
Indirect Purchasing Buyer - Cleaning & Waste
Job Description
The Stellantis Indirect Purchasing Buyer is responsible for:
Te creation and execution of Purchasing Strategies on specific Indirect Purchasing commodities. Cost management of products and services through research, quotes, pricing negotiation, and issuance of purchase orders.Maintain a productive relationship with the suppliers and internal customers while obtaining best purchasing prices, determine, and evaluate alternate part sources.
The Indirect Purchasing Buyer manages all purchasing aspects for the procuring of parts and services while considering cost-effective solutions. Develops budget estimates and forecasts for specific commodities. Selects qualified suppliers and manufacturers and develops new supply sources of high dollar value, long lead-time, critically needed parts, equipment, materials, or services.

Requirements
Basic Qualifications: 
Experience in hiring cleaning or waste management services, at least 5 years of experience in purchasingFluent in English Education: Industrial Engineer, Business Administration, International Business, Comercial Busines.Excellent negotiation skills.Excellent Project Management skills.Good presentation skills: Capacity to develop and present Commodity strategies, Sourcing Recommendations.Capacity to analyze cost structures for services/materials and challenge the suppliers to develop cost improvement initiatives.Organized and with good understanding of the purchasing processes.Able to work under pressure and tight timing needs.Excellent interpersonal skills and ability to interact with multiple personalities.Working experience in global teams and different cultures.Good understanding of costs to achieve cost reduction with suppliers.
Preferable Qualifications:
Experience in hiring cleaning services for different departments or areas of company buildings, (cleaning labor services, cleaning office spaces, bathrooms, windows, etc.)Excellent Project Management skills and able to use of IT tools (MS Project desirable).Capacity to develop cost structures for Construction projects and challenge the suppliers to develop cost improvement initiatives.Able to set priorities based on level of urgency and importance.Develop contingency plans to ensure delivery of results.Execute decisions with speed and conviction, explaining the decisions making process.Ability to present information in front of big groups.Ability to evaluate big groups.

Job Offer
-Direct hiring-Above the law benefits-Temporary contract 18 Months

At Stellantis, we assess candidates based on qualifications, merit and business needs. We welcome applications from people of all gender identities, age, ethnicity, nationality, religion, sexual orientation and disability. Diverse teams will allow us to better meet the evolving needs of our customers and care for our future.",https://www.linkedin.com/jobs/view/4106845888/,"{'companyApplyUrl': 'https://recruiting.adp.com/srccar/public/RTI.home?c=2183219&d=ExternalCareerSite&r=5001089764900&_fromPublish=true', 'easyApplyUrl': ''}","{'id': 66256333, 'name': 'Stellantis', 'universalName': 'stellantis', 'description': 'Our storied and iconic brands embody the passion of their visionary founders and today’s customers in their innovative products and services: they include Abarth, Alfa Romeo, Chrysler, Citroën, Dodge, DS Automobiles, Fiat, Jeep®, Lancia, Maserati, Opel, Peugeot, Ram, Vauxhall and mobility brands Free2move and Leasys. Powered by our diversity, we lead the way the world moves – aspiring to become the greatest sustainable mobility tech company, not the biggest, while creating added value for all stakeholders as well as the communities in which we operate. ', 'logo': 'https://media.licdn.com/dms/image/v2/C4D0BAQHURyWugU5A4g/company-logo_200_200/company-logo_200_200/0/1630577492034/stellantis_logo?e=1744848000&v=beta&t=E6Z_TooaqjAlwlhJjS3F-Y-J4gifYu7UvoSn4VIm8vA', 'url': 'https://www.linkedin.com/company/stellantis', 'followerCount': 2159280, 'staffCount': 111925, 'staffCountRange': {'start': 10001}, 'specialities': ['Automotive', 'Mobility', 'Tech'], 'industries': ['Motor Vehicle Manufacturing'], 'headquarter': {'country': 'NL', 'city': 'Amsterdam'}}",Mexico City Metropolitan Area,394,1384,1737558602000,"['Purchasing', 'Manufacturing', 'Engineering']","['PRCH', 'MNFC', 'ENG']",[53],['Motor Vehicle Manufacturing'],not mentioned,1734966602000,1734966602000,not mentioned
LISTED,4114359978,LCV Sales Manager,"Fiat Chrysler-STELLANTIS México ((Abarth, Alfa Romeo, Fiat, Lancia, Maserati, Jeep, Chrysler, Dodge y RAM, Peugeot, Citroën, DS, Opel y Vauxhall), is looking for a LCV Sales Manager
Requirements: 
5 years of minimum experience in this position or similar preferably in the automotive industryYears of minimal experience on similar position.Demonstrable experience in one-on-one negotiations and sales closing skills.Commercial presentations to dealer principals and managing staff
Responsabilities:
Promote the lCV retail and small fleet sales of the Stellantis vehicles.To hold one on one meeting with dealer principals and managing staffTo be lCV retail and small fleet processes advisor with Stellantis dealershipsAchieve the lCV retail zone sales objective and develop its dealer network zone
We offer:
Direct HiringAbove the law benefits
EOE / Disability / Veteran At Stellantis, we assess candidates based on qualifications, merit and business needs. We welcome applications from people of all gender identities, age, ethnicity, nationality, religion, sexual orientation and disability. Diverse teams will allow us to better meet the evolving needs of our customers and care for our future.",https://www.linkedin.com/jobs/view/4114359978/,"{'companyApplyUrl': '', 'easyApplyUrl': 'https://www.linkedin.com/job-apply/4114359978'}","{'id': 66256333, 'name': 'Stellantis', 'universalName': 'stellantis', 'description': 'Our storied and iconic brands embody the passion of their visionary founders and today’s customers in their innovative products and services: they include Abarth, Alfa Romeo, Chrysler, Citroën, Dodge, DS Automobiles, Fiat, Jeep®, Lancia, Maserati, Opel, Peugeot, Ram, Vauxhall and mobility brands Free2move and Leasys. Powered by our diversity, we lead the way the world moves – aspiring to become the greatest sustainable mobility tech company, not the biggest, while creating added value for all stakeholders as well as the communities in which we operate. ', 'logo': 'https://media.licdn.com/dms/image/v2/C4D0BAQHURyWugU5A4g/company-logo_200_200/company-logo_200_200/0/1630577492034/stellantis_logo?e=1744848000&v=beta&t=E6Z_TooaqjAlwlhJjS3F-Y-J4gifYu7UvoSn4VIm8vA', 'url': 'https://www.linkedin.com/company/stellantis', 'followerCount': 2159280, 'staffCount': 111925, 'staffCountRange': {'start': 10001}, 'specialities': ['Automotive', 'Mobility', 'Tech'], 'industries': ['Motor Vehicle Manufacturing'], 'headquarter': {'country': 'NL', 'city': 'Amsterdam'}}","Cuajimalpa de Morelos, Mexico City, Mexico",319,1181,1738632354000,['Sales'],['SALE'],[53],['Motor Vehicle Manufacturing'],Associate,1736040355000,1736040355000,not mentioned
LISTED,4119925304,Stellantis - Buyer Casting & Driveline Components (Temporary 18 month),"STELLANTIS México, empresa trasnacional del sector automotriz y de las 25 mejores empresas para trabajar en México, te invita a formar parte de su equipo como:
Buyer Casting & Driveline Components
Job Description
The Buyer for Casting & Driveline Components will support buying in North America.
The core responsibilities of this position are the development, ownership, and execution of full lifecycle commodity strategies which include but are not limited to:
Lead Buyer for key Casting & Driveline Component suppliersCoordinate and manage open issues, lead and execute business plan, and serve as escalation point to drive issue closureServe as the lead for Casting & Driveline Components coordinating global sourcing's, benchmarking and commodity strategy executionCoordinate and execute commercial pricing agreements and detailed price breakdowns that will be used across all programs and suppliersManage and/or support complex supply and capacity issuesFrequent professional communication with senior leadership is expectedSubject matter expert in cost management and manufacturing processes with a particular emphasis on efficiency

Requirements
Basic Qualifications: 
Bachelor's degree in Business Administration, Finance or a related field5 years of purchasing or closely related relevant experienceStrong communication skillsAbility to lead cross-functional teamsStrong fluency with G Suite / MS Office Suite (strong spreadsheet skills)

Job Offer
-Direct hiring-Above the law benefits-Temporary contract 18 Months

At Stellantis, we assess candidates based on qualifications, merit and business needs. We welcome applications from people of all gender identities, age, ethnicity, nationality, religion, sexual orientation and disability. Diverse teams will allow us to better meet the evolving needs of our customers and care for our future.",https://www.linkedin.com/jobs/view/4119925304/,"{'companyApplyUrl': 'https://recruiting.adp.com/srccar/public/RTI.home?c=2183219&d=ExternalCareerSite&r=5001091271200&_fromPublish=true#/', 'easyApplyUrl': ''}","{'id': 66256333, 'name': 'Stellantis', 'universalName': 'stellantis', 'description': 'Our storied and iconic brands embody the passion of their visionary founders and today’s customers in their innovative products and services: they include Abarth, Alfa Romeo, Chrysler, Citroën, Dodge, DS Automobiles, Fiat, Jeep®, Lancia, Maserati, Opel, Peugeot, Ram, Vauxhall and mobility brands Free2move and Leasys. Powered by our diversity, we lead the way the world moves – aspiring to become the greatest sustainable mobility tech company, not the biggest, while creating added value for all stakeholders as well as the communities in which we operate. ', 'logo': 'https://media.licdn.com/dms/image/v2/C4D0BAQHURyWugU5A4g/company-logo_200_200/company-logo_200_200/0/1630577492034/stellantis_logo?e=1744848000&v=beta&t=E6Z_TooaqjAlwlhJjS3F-Y-J4gifYu7UvoSn4VIm8vA', 'url': 'https://www.linkedin.com/company/stellantis', 'followerCount': 2159280, 'staffCount': 111926, 'staffCountRange': {'start': 10001}, 'specialities': ['Automotive', 'Mobility', 'Tech'], 'industries': ['Motor Vehicle Manufacturing'], 'headquarter': {'country': 'NL', 'city': 'Amsterdam'}}",Mexico City Metropolitan Area,97,495,1739127507000,"['Purchasing', 'Manufacturing', 'Engineering']","['PRCH', 'MNFC', 'ENG']",[53],['Motor Vehicle Manufacturing'],not mentioned,1736535508000,1736535508000,not mentioned
LISTED,4114359846,Powertrain Senior Designer/CAD Designer/TEMPORARY CONTRACT,"Fiat Chrysler-STELLANTIS México ((Abarth, Alfa Romeo, Fiat, Lancia, Maserati, Jeep, Chrysler, Dodge y RAM, Peugeot, Citroën, DS, Opel y Vauxhall), empresa trasnacional del sector automotriz y de las 25 mejores empresas para trabajar en México, te invita a formar parte de su equipo como: Powertrain Senior Designer/CAD Designer/ TEMPORARY CONTRACT (18TH MONTHS)
Overview
The Powertrain Senior Designer position is for a highly skilled and experienced designer for the Powertrain Design Services group.
Activities
The Powertrain Senior Designer position is for a highly skilled and experienced designer for the Powertrain Design Services group. The primary responsibilities include performing packaging, concept, design, layout and checking related assemblies and components.

Requirements:
Basic Qualifications:Minimum 3 to 5 years' design experienceExtensive experience with NX parametric solid modeling and TeamcenterStrong written and oral communications to lead design and packaging meetingsStrong organization, planning and data management skillsPC Skills (Word, Excel, Powerpoint, etc.)Advanced English Level
Preferred Qualifications:Bachelor of Science degree in an engineering or a technology related disciplineExperience in the design of complex castings and precision machined componentsAbility to apply GD&T and perform component stacksKnowledge of manufacturing and assembly processesStrong English skills Hybrid position.
We offer:
Direct hiring (TEMPORARY CONTRACT 18TH MONTHS)Above the law benefits
EOE / Disability / Veteran At Stellantis, we assess candidates based on qualifications, merit and business needs. We welcome applications from people of all gender identities, age, ethnicity, nationality, religion, sexual orientation and disability. Diverse teams will allow us to better meet the evolving needs of our customers and care for our future.",https://www.linkedin.com/jobs/view/4114359846/,"{'companyApplyUrl': '', 'easyApplyUrl': 'https://www.linkedin.com/job-apply/4114359846'}","{'id': 66256333, 'name': 'Stellantis', 'universalName': 'stellantis', 'description': 'Our storied and iconic brands embody the passion of their visionary founders and today’s customers in their innovative products and services: they include Abarth, Alfa Romeo, Chrysler, Citroën, Dodge, DS Automobiles, Fiat, Jeep®, Lancia, Maserati, Opel, Peugeot, Ram, Vauxhall and mobility brands Free2move and Leasys. Powered by our diversity, we lead the way the world moves – aspiring to become the greatest sustainable mobility tech company, not the biggest, while creating added value for all stakeholders as well as the communities in which we operate. ', 'logo': 'https://media.licdn.com/dms/image/v2/C4D0BAQHURyWugU5A4g/company-logo_200_200/company-logo_200_200/0/1630577492034/stellantis_logo?e=1744848000&v=beta&t=E6Z_TooaqjAlwlhJjS3F-Y-J4gifYu7UvoSn4VIm8vA', 'url': 'https://www.linkedin.com/company/stellantis', 'followerCount': 2159280, 'staffCount': 111926, 'staffCountRange': {'start': 10001}, 'specialities': ['Automotive', 'Mobility', 'Tech'], 'industries': ['Motor Vehicle Manufacturing'], 'headquarter': {'country': 'NL', 'city': 'Amsterdam'}}","Cuajimalpa de Morelos, Mexico City, Mexico",147,1088,1738629653000,"['Engineering', 'Design']","['ENG', 'DSGN']","[53, 112]","['Motor Vehicle Manufacturing', 'Appliances, Electrical, and Electronics Manufacturing']",Mid-Senior level,1736037653000,1736037653000,not mentioned
LISTED,3979180052,Ingenier@ de Automatizacion,"- Soportar todas las actividades SPW asignada 2.- Dar seguimiento a los proyectos de CD dando prioridad a cada uno de ellos (SPW). 3.- Planear, coordinar y dirigir la capacitación y el desarrollo del personal bajo su cargo a través del tablero de desarrollo personal y soportándose por el personal de centro de adiestramiento. 4.- Implementación y seguimiento semanal de actividades de PM derivadas de las maquinas AA o de expansión 5.Responsable de mantener la biblioteca de software y backups de máquinas actualizados (documentar todos los cambios realizados en los equipos ) 6.Revisar y Mantener en maquina los manuales actualizados ( Ingeniería ) 7.Aplicacion de metodologías para determinar causa raíz de BREAKDOWN, Micro paros , Problemas de calidad imputables a máquina apoyándose con las herramientas de SPW 8.- Mantener control y documentar los parámetros de proceso de las máquinas de su operación. 9.- Planear, coordinar y supervisar actividades que promuevan el trabajo en equipo, actitud positiva hacia el trabajo, seguridad laboral 10.-Estudio continuo en las tecnologías de los equipos instalados en el área , (manteniendo la actualización de los mismos evitando la obsolescencia) 11.- Mantener información clara y oportuna para la retroalimentación de su personal. 12.- Análisis, instalación, operación ,programación y diagnóstico de las familias de PLC y VLC instaladas en el área 13.- Análisis, instalación, operación ,programación y diagnóstico de HMI. 14.- Análisis, instalación, operación ,programación y diagnóstico de control de movimiento. 15.- Comprensión de los algoritmos utilizados en el proceso para maquinado en el área 16.- Análisis, instalación, operación ,programación y diagnóstico de sistema de control numérico en el área. 17.- Análisis, instalación, operación ,programación y diagnóstico de sistemas de MEDICION 18.- Análisis, instalación, operación ,programación y diagnóstico de sistemas de control ( Servo motores , servo controladores , drives , variadores , CNC , control de ejes ) usados en el área 19.- Análisis, instalación, operación ,programación y diagnóstico en procesos de rectificado 20.- Análisis, instalación, operación ,programación y diagnóstico de sistemas de apriete (Multihusillos y Herramientas de eléctricas de torque )en el area. 21.- Análisis, instalación, operación ,programación y diagnóstico de sistemas con ROBOTS. 22.- Análisis, instalación, operación ,programación y diagnóstico de sistemas de redes industriales en el área 23.- Análisis, instalación, operación ,programación y diagnóstico de sistemas ANDON para intercomunicaciones entre PLC'S y máquinas 24.- Detectar, planear, y coordinar las necesidades de capacitación para el correcto uso operativo de los equipos eléctricos y electrónicos de la línea. 25.- Análisis, instalación, opera programación ción, programación y diagnóstico de sistemas de probadores de fugas . 26.- Análisis, instalación, operación, programación y diagnóstico de sistemas de HONEO NAGEL. 27.- Análisis, instalación, operación ,programación y diagnóstico de sistemas de expansión de herramienta y control de carrera 28.- Análisis, instalación, operación ,programación y diagnóstico de sistemas de verificación de procesos ( EMP) 29.- Análisis, instalación, operación, programación y diagnóstico de sistemas de dinamómetros en el área AVL. 30.- Análisis, instalación, operación ,programación y diagnóstico de sistemas de COLD TEST & HOT TEST 31.- Análisis y administración de recursos de HOST y FIS de las maquinas del área.. 32.- Realizar con su equipo de trabajo las actividades de mantenimiento y ordenes de trabajo derivadas del TMS 33 .- Trabajar en proyectos de mejora continua , derivados de CD, Matriz QA ,Matriz Energía , atacando los top 10 , asegurándose de entregar los ahorros 34.- Dar soporte al TEAM LEADER para el cumplimiento de sus funciones 35.- Dar soporte en las tareas de UL Mantenimiento, Maintenance Planner , PQL para el cumplimiento de sus objetivos . 36.- Participar en forma activa en el equipo natural de trabajo, asistiendo a las juntas semanales y entregando los resultados de las tareas en que participe . PLC, CNC, Robots, probadoras ATEC y USON asi como Herramientas de torque controlado Titulo nivel licenciatura Inglés Avanzado Disponibilidad para trabajar en turnos Mínimo 5 años de experiencia profesional At Stellantis, we assess candidates based on qualifications, merit and business needs. We welcome applications from people of all gender identities, age, ethnicity, nationality, religion, sexual orientation and disability. Diverse teams will allow us to better meet the evolving needs of our customers and care for our future.",https://www.linkedin.com/jobs/view/3979180052/,"{'companyApplyUrl': 'https://FCA.contacthr.com/140343766', 'easyApplyUrl': ''}","{'id': 66256333, 'name': 'Stellantis', 'universalName': 'stellantis', 'description': 'Our storied and iconic brands embody the passion of their visionary founders and today’s customers in their innovative products and services: they include Abarth, Alfa Romeo, Chrysler, Citroën, Dodge, DS Automobiles, Fiat, Jeep®, Lancia, Maserati, Opel, Peugeot, Ram, Vauxhall and mobility brands Free2move and Leasys. Powered by our diversity, we lead the way the world moves – aspiring to become the greatest sustainable mobility tech company, not the biggest, while creating added value for all stakeholders as well as the communities in which we operate. ', 'logo': 'https://media.licdn.com/dms/image/v2/C4D0BAQHURyWugU5A4g/company-logo_200_200/company-logo_200_200/0/1630577492034/stellantis_logo?e=1744848000&v=beta&t=E6Z_TooaqjAlwlhJjS3F-Y-J4gifYu7UvoSn4VIm8vA', 'url': 'https://www.linkedin.com/company/stellantis', 'followerCount': 2159280, 'staffCount': 111899, 'staffCountRange': {'start': 10001}, 'specialities': ['Automotive', 'Mobility', 'Tech'], 'industries': ['Motor Vehicle Manufacturing'], 'headquarter': {'country': 'NL', 'city': 'Amsterdam'}}","Saltillo, Coahuila, Mexico",181,1508,1738254957000,['Production'],['PROD'],[53],['Motor Vehicle Manufacturing'],not mentioned,1735662957000,1721299464000,not mentioned
LISTED,4122439276,Plt/facils Engr,"Maintenance unit leader. This is a supervisor position with union people management. This supervisor must work between 3 different shifts. Basic-intermediate knowledge about PLC, hardware, software and communication protocols. Basic knowledge in hydraulic, pneumatic, electricity, mechanic and control theory. Knowledge in maintenance theory and problem-solving tools.

Preferred career, bachelor's degree in mechatronics, electronics and electrical engineering.

High level of responsibility, belonging and availability and work under pressure.

English level 80% - 90% spoken, read and written

At Stellantis, we assess candidates based on qualifications, merit and business needs. We welcome applications from people of all gender identities, age, ethnicity, nationality, religion, sexual orientation and disability. Diverse teams will allow us to better meet the evolving needs of our customers and care for our future. At Stellantis, we assess candidates based on qualifications, merit and business needs. We welcome applications from people of all gender identities, age, ethnicity, nationality, religion, sexual orientation and disability. Diverse teams will allow us to better meet the evolving needs of our customers and care for our future.",https://www.linkedin.com/jobs/view/4122439276/,"{'companyApplyUrl': 'https://FCA.contacthr.com/145670750', 'easyApplyUrl': ''}","{'id': 66256333, 'name': 'Stellantis', 'universalName': 'stellantis', 'description': 'Our storied and iconic brands embody the passion of their visionary founders and today’s customers in their innovative products and services: they include Abarth, Alfa Romeo, Chrysler, Citroën, Dodge, DS Automobiles, Fiat, Jeep®, Lancia, Maserati, Opel, Peugeot, Ram, Vauxhall and mobility brands Free2move and Leasys. Powered by our diversity, we lead the way the world moves – aspiring to become the greatest sustainable mobility tech company, not the biggest, while creating added value for all stakeholders as well as the communities in which we operate. ', 'logo': 'https://media.licdn.com/dms/image/v2/C4D0BAQHURyWugU5A4g/company-logo_200_200/company-logo_200_200/0/1630577492034/stellantis_logo?e=1744848000&v=beta&t=E6Z_TooaqjAlwlhJjS3F-Y-J4gifYu7UvoSn4VIm8vA', 'url': 'https://www.linkedin.com/company/stellantis', 'followerCount': 2159280, 'staffCount': 111926, 'staffCountRange': {'start': 10001}, 'specialities': ['Automotive', 'Mobility', 'Tech'], 'industries': ['Motor Vehicle Manufacturing'], 'headquarter': {'country': 'NL', 'city': 'Amsterdam'}}","Saltillo, Coahuila, Mexico",33,170,1739140221000,['Production'],['PROD'],[53],['Motor Vehicle Manufacturing'],not mentioned,1736548222000,1736548222000,not mentioned
LISTED,4082011378,Maintenance Area Supervisor,"3 years experience in manufacturing crankshaft lines

Engineer o Administrative

Basic english

Salud y Seguridad

Implementa mejoras de salud y seguridad Asegurar el cumplimiento normativo y corporativo de sus actividades Participa y contribuye en las investigaciones de incidentes Asegurar el análisis completo de riesgos para actividades rutinarias y no rutinarias. Realizar las conversaciones de seguridad (requerimiento corporativo). Participar y asegurar la capacitación de sus trabajadores en temas de salud y seguridad. Seguir las reglas y procedimientos de seguridad.

Operaciones

Atender la junta de entrega recepción de su turno, asegurando que los pendientes de los otros turnos estén en el tablero de SFM/Orange Room Mantenerse informado de la estrategia diaria de producción, pilotos, PERs, corridas especiales, cambios de ingeniería. Revisión diaria de bancos intermedios de maquinado para programación de mantenimientos de oportunidad Gestionar recurso en caso de ser necesario, pedir facilidades para transferencias de gente Ejecución de acciones del plan de reducción de scrap y reparaciones en coordinación con el MP Ejecución de acciones del plan de reducción de pérdidas de OPE en coordinación con el MP Cierre de contramedidas - Coordinación del cierre de contramedidas relativos a los EWOs Participación y cierre de actividades del tablero de SFM de producción Llenado y seguimiento a tablero SFM de mantenimiento y Orange Room Plan de escalación de problemas a Gerencias correspondientes Actualizar el sistema TMS con las contramedidas encontradas en análisis de EWOs/Worktickets en coordinación con el MP Asignación y coordinación de la ejecición del 100% de las actividades TMS y valida la misma a través de auditorías LPA y retroalimentando a PFES y BUL de cada turno Seguimiento a las partes del MM&S Generación y control de requisiciones y MRPs Generación y control de salidas para spare parts Ejecuta planes de mantenimiento y producción para fines de semana Coordinación y aseguramiento de 5's en su área de mantenimiento e intervenciones de máquina

Desarrollo de Personal

Seguimiento a la certificación de técnicos de mantenimiento Asegura las cotizaciones y coordinación con RH de necesidades de entrenamiento técnico detectadas por el MP Seguimiento a cierre de gap de matriz de competencia técnica Gestión de vacaciones/ausencias de técnicos de mantenimiento Asegurar el cumplimiento del Do&Don't del Reglamento Interno de Trabajo

Costos

Seguimiento a los proyectos de mejora del transformation cost (Energía, Scrap, Herramientas, MM&S) Gestión del tiempo extraordinario y justificacion del mismo Participar en el cumplimiento de estrategia de productividad

Calidad

Atención inmediata a componentes involucrados en desviaciones de calidad Coordinar/supervisar las actividades para corrección de máquinas con CPK fuera de meta (1.33) Cumplimiento a la CIA y LPA Cierre de contramedidas de QEWOs

Medio Ambiente

Asegurar la correcta segregación de residuos Asegurar el correcto control de los aspectos ambientales (agua, energía, residuos) Implementar acciones para el cierre de ERCAS y tarjetas ambientales Soporte a contramedidas de anormalidades encontradas en el checklist normativo de ambiental y seguridad Asegurar el manejo adecuado de los químicos Realizar su auditoría EMAT Participar y asegura su capacitación en temas de ambiental y energía. Participa en los proyectos ambientales y de energía

At Stellantis, we assess candidates based on qualifications, merit and business needs. We welcome applications from people of all gender identities, age, ethnicity, nationality, religion, sexual orientation and disability. Diverse teams will allow us to better meet the evolving needs of our customers and care for our future. At Stellantis, we assess candidates based on qualifications, merit and business needs. We welcome applications from people of all gender identities, age, ethnicity, nationality, religion, sexual orientation and disability. Diverse teams will allow us to better meet the evolving needs of our customers and care for our future.",https://www.linkedin.com/jobs/view/4082011378/,"{'companyApplyUrl': 'https://FCA.contacthr.com/144635161', 'easyApplyUrl': ''}","{'id': 66256333, 'name': 'Stellantis', 'universalName': 'stellantis', 'description': 'Our storied and iconic brands embody the passion of their visionary founders and today’s customers in their innovative products and services: they include Abarth, Alfa Romeo, Chrysler, Citroën, Dodge, DS Automobiles, Fiat, Jeep®, Lancia, Maserati, Opel, Peugeot, Ram, Vauxhall and mobility brands Free2move and Leasys. Powered by our diversity, we lead the way the world moves – aspiring to become the greatest sustainable mobility tech company, not the biggest, while creating added value for all stakeholders as well as the communities in which we operate. ', 'logo': 'https://media.licdn.com/dms/image/v2/C4D0BAQHURyWugU5A4g/company-logo_200_200/company-logo_200_200/0/1630577492034/stellantis_logo?e=1744848000&v=beta&t=E6Z_TooaqjAlwlhJjS3F-Y-J4gifYu7UvoSn4VIm8vA', 'url': 'https://www.linkedin.com/company/stellantis', 'followerCount': 2159280, 'staffCount': 111899, 'staffCountRange': {'start': 10001}, 'specialities': ['Automotive', 'Mobility', 'Tech'], 'industries': ['Motor Vehicle Manufacturing'], 'headquarter': {'country': 'NL', 'city': 'Amsterdam'}}","Saltillo, Coahuila, Mexico",266,966,1739528645000,['Engineering'],['ENG'],[53],['Motor Vehicle Manufacturing'],not mentioned,1735662986000,1732227843000,not mentioned
LISTED,4118846817,Metrology Engineer,"Fiat Chrysler now Stellantis - Metrology Engineer
STELLANTIS México, transnational company in the automotive sector and one of the 25 best companies to work for in Mexico, invites you to be part of its team:
Requirements:Engineering degree Electronic, Mechatronic or equivalent.5 years experience in Automotive industry.Experience on Metrology systems and measurement equipmentProblem Solver with strong analytic skills.Strong data management skills. Data tools knowledge to manage large amounts of data efficiently and effectively.English written and spoken, capable to communicate and negotiate effectively at all levels. Leadership skills focused on results. Communication and relationship skills.High energy to achieve and deliver. Self motivated and emotional strength to manage stress and pressure.
Responsibilities:Assure quality by driving dimensionally capable product and processIdentify the critical few features that define qualityCreate and maintain control plans for all featuresAssure coordinated datums and featuresAssure dimensionally capable product and assembly tooling designIdentify, develop, and implement metrology innovation Lead and manage all Metrology related activities Lead root cause analysis of all dimensional issues, leveraging various inspection equipment (Meisterbock, QAF, Laser Scanner, CMM)Work with production and cross-functional teams in developing, evaluating and implementing corrective actions (example, simulating a shim move and evaluating its impact using Meisterbock) Work with production and cross-functional teams in developing, evaluating and implementing corrective actions by conducting root cause analysis for part detail and build process issues, identify issue resolution, prioritize actions, and assist in subsequent continuous improvement initiativesLead dimensional certification for all buy/make parts following FCA Part qualification processAssist stamping and supplier engineering activities with Part buyoff and prioritization matrices for part improvements. Lead metrology team through use of QAF fixtures and supplier reviews to ensure zero build issues and timely supplier support/feedback and commitments are achieved.Lead parts and system validation process for all Body geometry/vehicle fit and the variation reduction efforts for the Body Shop (Goal of achieving Vehicle EBO GA/BIW and BIW Cp/Cpk > 1.33 for all critical features and sustaining those levels through product life cycle) Publish daily, weekly, monthly reports (Carpet reports, EBO and Body Cp/Cpk trend charts)  

We offer:· Direct hiring· Above the law benefits",https://www.linkedin.com/jobs/view/4118846817/,"{'companyApplyUrl': '', 'easyApplyUrl': 'https://www.linkedin.com/job-apply/4118846817'}","{'id': 66256333, 'name': 'Stellantis', 'universalName': 'stellantis', 'description': 'Our storied and iconic brands embody the passion of their visionary founders and today’s customers in their innovative products and services: they include Abarth, Alfa Romeo, Chrysler, Citroën, Dodge, DS Automobiles, Fiat, Jeep®, Lancia, Maserati, Opel, Peugeot, Ram, Vauxhall and mobility brands Free2move and Leasys. Powered by our diversity, we lead the way the world moves – aspiring to become the greatest sustainable mobility tech company, not the biggest, while creating added value for all stakeholders as well as the communities in which we operate. ', 'logo': 'https://media.licdn.com/dms/image/v2/C4D0BAQHURyWugU5A4g/company-logo_200_200/company-logo_200_200/0/1630577492034/stellantis_logo?e=1744848000&v=beta&t=E6Z_TooaqjAlwlhJjS3F-Y-J4gifYu7UvoSn4VIm8vA', 'url': 'https://www.linkedin.com/company/stellantis', 'followerCount': 2159280, 'staffCount': 111926, 'staffCountRange': {'start': 10001}, 'specialities': ['Automotive', 'Mobility', 'Tech'], 'industries': ['Motor Vehicle Manufacturing'], 'headquarter': {'country': 'NL', 'city': 'Amsterdam'}}","Saltillo, Coahuila, Mexico",80,351,1739052557000,"['Quality Assurance', 'Engineering', 'Manufacturing']","['QA', 'ENG', 'MNFC']",[53],['Motor Vehicle Manufacturing'],Associate,1736460558000,1736460558000,not mentioned
LISTED,4069087334,Warranty Recovery Specialist,"The Warranty Recovery Specialist is responsible for the pursuit of fair and equitable cost recovery from our supplier partners. The selected individual will have experience in managing cross-functionally and possess a broad knowledge of the automotive engineering, manufacturing and quality landscape. The candidate must be high-energy, hands-on individual with strength of convictions -- a self-confident leader who, in part due to his/her personal presence, style and demeanor, effectively sells ideas and solutions to others. Moreover, this person must have unquestioned integrity.  

 Strong communication skills to support meetings at all levels of the company, including senior leadership. Establish partnerships both internally and externally and to influence without direct authority.

Commitment and dedication in delivering a premier product to the consumer. Contribute or drive team success by clarifying expectation and minimizing political hurdles. Demonstrate unwavering commitment to delivering results and champion achievements. Exhibit a willingness to do things differently and consistently translate ideas into actions that deliver results. Strong interpersonal skills with ability to work in a team environment.  

Basic Qualifications

Bachelor's degree in technical discipline Minimum of 5 years of experience in the automotive industry and/or manufacturing Strong communication and presentation skills to support meetings at all levels High-energy, hands-on individual with strength of conviction who can effectively sell ideas and solutions to others Undisputed integrity Microsoft Office suite proficiency  

Preferred Qualifications:  

Master's degree Warranty / Quality experience  Data analysis experience Finance/accounting experience Ability to drive team success by clarifying expectations and minimizing political hurdles  Self-motivated with strong interpersonal skills to establish partnerships both internally and externally to influence without direct authority

At Stellantis, we assess candidates based on qualifications, merit and business needs. We welcome applications from people of all gender identities, age, ethnicity, nationality, religion, sexual orientation and disability. Diverse teams will allow us to better meet the evolving needs of our customers and care for our AnnualAt Stellantis, we assess candidates based on qualifications, merit and business needs. We welcome applications from people of all gender identities, age, ethnicity, nationality, religion, sexual orientation and disability. Diverse teams will allow us to better meet the evolving needs of our customers and care for our future.",https://www.linkedin.com/jobs/view/4069087334/,"{'companyApplyUrl': 'https://FCA.contacthr.com/144176912', 'easyApplyUrl': ''}","{'id': 66256333, 'name': 'Stellantis', 'universalName': 'stellantis', 'description': 'Our storied and iconic brands embody the passion of their visionary founders and today’s customers in their innovative products and services: they include Abarth, Alfa Romeo, Chrysler, Citroën, Dodge, DS Automobiles, Fiat, Jeep®, Lancia, Maserati, Opel, Peugeot, Ram, Vauxhall and mobility brands Free2move and Leasys. Powered by our diversity, we lead the way the world moves – aspiring to become the greatest sustainable mobility tech company, not the biggest, while creating added value for all stakeholders as well as the communities in which we operate. ', 'logo': 'https://media.licdn.com/dms/image/v2/C4D0BAQHURyWugU5A4g/company-logo_200_200/company-logo_200_200/0/1630577492034/stellantis_logo?e=1744848000&v=beta&t=E6Z_TooaqjAlwlhJjS3F-Y-J4gifYu7UvoSn4VIm8vA', 'url': 'https://www.linkedin.com/company/stellantis', 'followerCount': 2159280, 'staffCount': 111926, 'staffCountRange': {'start': 10001}, 'specialities': ['Automotive', 'Mobility', 'Tech'], 'industries': ['Motor Vehicle Manufacturing'], 'headquarter': {'country': 'NL', 'city': 'Amsterdam'}}","Mexico City, Mexico",85,448,1738254978000,['Other'],['OTHR'],[53],['Motor Vehicle Manufacturing'],not mentioned,1735662978000,1730780657000,not mentioned
LISTED,4118942158,Ingeniero del Sistema de Gestión de Calidad (SGC) Stellantis - Automotriz,"Grupo internacional dedicado al diseño, desarrollo y fabricación de componentes metálicos de alta ingeniería para los mejores fabricantes de vehículos. Somos más de 40.000 personas con presencia en más de 100 plantas en 24 países y 13 centros de I+D. Buscamos incorporar en nuestro equipo una persona Coordinador del Sistema de Gestión de Calidad (SGC) STELLANTIS para nuestra Planta Gestamp Puebla I
Requisitos para el puestoIngeniería Industrial o Licenciatura afín Industria Automotriz Metalmecánica Deseable: Certificado de auditor interno de IATF 16949:2016Experiencia con cliente STELLANTIS
Conocimientos en: Auditorías D/TLDFormel Q / CSRVDA 6.5VDA 6.3Gestión de Riesgos (pe. ISO 31000)SAP Planeación y Desarrollo de ProductoConocimientos en Planes de controlCore ToolsFormel QAuditoría de Proceso VDA 6.3Requerimientos Específicos IATF Auditor líder ISO TSAuditor Piezas de seguridadAuditorías a proveedoresEvaluación del producto/ Auditoría del producto VDA 6.5Plan de ControlAMEF AIAG/ VDAPPAP / VDA 2 : Aprobación del Proceso de Producción y Producto (PPF/ PPA)Procesos Ensambles / Estampados
Habilidades necesarias:Orientación al logroCompromiso con la organización Planificación y organizaciónAnálisis de ProblemasManejo de conflictosTrabajo en equipoLiderazgoAtención a clientes
Principales responsabilidades del puesto1. Proveer entrenamiento y desarrollo al Grupo Auditor de la Organización para el desempeño exitoso de las auditorías.1.1 Mantener a último nivel el expediente del Grupo Auditor (en conjunto con el área de RH).2. Llevar a cabo y gestionar las auditorías internas /externas de sistema, de proceso y de partes de seguridad D/TLD., cumplir en tiempo y forma el programa de auditorías de la Organización.3. Llevar a cabo y gestionar un seguimiento efectivo a las no conformidades detectadas en auditorías internas (de sistema, de proceso y de partes de seguridad D/TLD) /externas, hasta el cierre total de las mismas, así como la validación de la efectividad de las acciones.4. Gestionar que el Sistema de Gestión de Calidad dentro de la Organización se haya establecido, implementado, se mantenga y sea efectivo, así como mejorarlo continuamente.5. Gestionar la estructura documental de la Organización, que se mantenga actualizada, de acuerdo con los Requerimientos Específicos de los Clientes, de la Organización y de los estándares y normas internacionales automotrices aplicables.5.1 Gestionar y mantener a último nivel la Intranet de Gestamp Puebla I.5.2 Llevar a cabo y gestionar las altas, modificaciones o bajas de la documentación y registros del Sistema de Gestión de Calidad.5.3 Gestionar el archivo muerto con los Líderes de áreas a través de los lineamientos establecidos en el procedimiento interno.6. Gestionar la Revisión por la Dirección con la Dirección y Grupo Gerencial a través de los lineamientos establecidos en el procedimiento interno.7. Dar seguimiento a las revisiones y simulaciones de Planes de Contingencias., así como el cumplimiento al programa en tiempo y forma.8. Participar en proyectos de mejora a través de Equipos Multidisciplinarios.9. Impartir capacitación y sensibilización dentro de la Organización en lo que se refiere al sistema de gestión de calidad.10. Reportar de manera mensual los indicadores asignados a su área (GSD).
Prestaciones y beneficios adicionalesSalario: CompetitivoPrestaciones Superiores a Ley",https://www.linkedin.com/jobs/view/4118942158/,"{'companyApplyUrl': '', 'easyApplyUrl': 'https://www.linkedin.com/job-apply/4118942158'}","{'id': 318785, 'name': 'Gestamp', 'universalName': 'gestamp', 'description': 'Gestamp is a multinational specialized in the design, development and manufacture of highly engineered metal components for the main vehicle manufacturers. It develops products with an innovative design to produce lighter and safer vehicles, which offer lower energy consumption and a lower environmental impact. Its products cover the areas of BiW, chassis and mechanisms. \n\nGestamp is present in 24 countries with 115 production plants, 13 R&D centers and a workforce of more than 44,000 employees worldwide.', 'logo': 'https://media.licdn.com/dms/image/v2/C4D0BAQFDjmyha_mOfQ/company-logo_200_200/company-logo_200_200/0/1630507673251/gestamp_logo?e=1744848000&v=beta&t=wfNXvcB9tPQKj3NRGeaWF_GEeGrGcxpJWT135AuB5zU', 'url': 'https://www.linkedin.com/company/gestamp', 'followerCount': 369894, 'staffCount': 15496, 'staffCountRange': {'start': 10001}, 'specialities': ['Hot Stamping', 'Welding', 'Assembly', 'Chassis', 'Body in White', 'Battery box', 'Mechanism', 'Industry 4.0', 'Digitalization'], 'industries': ['Motor Vehicle Manufacturing'], 'headquarter': {'geographicArea': 'Community of Madrid', 'country': 'ES', 'city': 'Madrid', 'postalCode': '28014', 'line1': 'Calle de Alfonso XII, 16'}}","Puebla, Mexico",255,1119,1738939530000,"['Management', 'Quality Assurance', 'Manufacturing']","['MGMT', 'QA', 'MNFC']",[53],['Motor Vehicle Manufacturing'],Mid-Senior level,1736347530000,1736347530000,not mentioned
LISTED,4120917317,Sr. Buyer - Exteriors,"The Buyer for Body (or Interior) Direct Material Components will support buying for Stellantis programs globally, and with focus on products in North America.

Responsibilities

The core responsibilities of this position are the development, ownership, and execution of full lifecycle commodity strategies which include but are not limited to:

Lead Buyer for key Component suppliersCoordinate and manage open issues, lead and execute business plan, and serve as escalation point to drive issue closureServe as the lead for Commodity Components coordinating global sourcing's, benchmarking and commodity strategy executionCoordinate and execute commercial pricing agreements and detailed price breakdowns that will be used across all programs and suppliersManage and/or support complex supply and capacity issuesFrequent professional communication with senior leadership is expected

Basic Qualifications

Bachelor's degree in Business Administration, Supply Chain, Finance or a related field Minimum of 3 years of purchasing or closely related relevant experienceStrong communication skillsAbility to lead cross-functional teamsStrong fluency with G Suite / MS Office Suite (strong spreadsheet skills)

At Stellantis, we assess candidates based on qualifications, merit and business needs. We welcome applications from people of all gender identities, age, ethnicity, nationality, religion, sexual orientation and disability. Diverse teams will allow us to better meet the evolving needs of our customers and care for our future. At Stellantis, we assess candidates based on qualifications, merit and business needs. We welcome applications from people of all gender identities, age, ethnicity, nationality, religion, sexual orientation and disability. Diverse teams will allow us to better meet the evolving needs of our customers and care for our future.",https://www.linkedin.com/jobs/view/4120917317/,"{'companyApplyUrl': 'https://FCA.contacthr.com/145629769', 'easyApplyUrl': ''}","{'id': 66256333, 'name': 'Stellantis', 'universalName': 'stellantis', 'description': 'Our storied and iconic brands embody the passion of their visionary founders and today’s customers in their innovative products and services: they include Abarth, Alfa Romeo, Chrysler, Citroën, Dodge, DS Automobiles, Fiat, Jeep®, Lancia, Maserati, Opel, Peugeot, Ram, Vauxhall and mobility brands Free2move and Leasys. Powered by our diversity, we lead the way the world moves – aspiring to become the greatest sustainable mobility tech company, not the biggest, while creating added value for all stakeholders as well as the communities in which we operate. ', 'logo': 'https://media.licdn.com/dms/image/v2/C4D0BAQHURyWugU5A4g/company-logo_200_200/company-logo_200_200/0/1630577492034/stellantis_logo?e=1744848000&v=beta&t=E6Z_TooaqjAlwlhJjS3F-Y-J4gifYu7UvoSn4VIm8vA', 'url': 'https://www.linkedin.com/company/stellantis', 'followerCount': 2159280, 'staffCount': 111926, 'staffCountRange': {'start': 10001}, 'specialities': ['Automotive', 'Mobility', 'Tech'], 'industries': ['Motor Vehicle Manufacturing'], 'headquarter': {'country': 'NL', 'city': 'Amsterdam'}}","Mexico City, Mexico",41,124,1738988640000,['Other'],['OTHR'],[53],['Motor Vehicle Manufacturing'],not mentioned,1736396640000,1736396640000,not mentioned
LISTED,3979180049,Business Unit Leader,"- Administrar los recursos para cumplir con las metas establecidas en los indicadores: (S)Seguridad: 0 accidentes, sistema BAPP, NEAR MISS, codiciones, SMAT, SEWOS, revision Indicadores IFI, FAI ,etc. (Q)Calidad: Auditorias básicas, auditorias funcionales, reclamos de garantía, etc. (D) Productividad y Entrega: THROUGHPUT, FTC,FTQ, OEE,OLE, MP, ATTAINMENT. ( C ) Costo: OPE, SCRAP, MM&S asi como la creacion de Kaizens para lograr el objetivo de costo de transformacion (M)Moral: Ausentismo, reconocimientos, capacitación, sistema de sugerencias, preservacion del medio ambiente ( E ) Ambiental: Implementación y cumplimiento del sistema ambiental, tikets ambientales. 2.- Eficientar los procesos productivos bajo su cargo para asegurar la calidad y satisfacción del cliente. 3.- Establecer un plan de carrera para la gente bajo su cargo. 4.- Establecer el plan de capacitación para la gente bajo su cargo, contemplando el entorno que la compañía necesita 5.- Implantar, promover y mantener las iniciativas de reduccion de costo 6.- Formar, promover y mantener el sistema de equipos de trabajo un ambiente de responsabilidad, confianza y desarrollo. 7.- Implantar, promover y mantener un entorno de mejora continua. 8.- Administrar la existencia de refacciones mecánicas, eléctricas, etc., para el funcionamiento del equipo bajo su cargo reduciendo inventarios, dando el seguimiento con su Maintenance Planner 9.- Administrar y/o participar en proyectos para su equipo productivo por mejora, obsolescencia, cambios de procesos 10.- Involucrarse y participar en los cambios de ingeniería del área bajo su cargo. 11.- Desarrollo y seguimiento del plan de producción diario. 12.- Coordinar actividades de PQL para el logro de 0 REPARACIONES Y 0 SCRAP 13.- Coordinar actividades del Maintenance Planner para el logro de 0 Breakdown 14.- Dar seguimiento a los proyectos , Asegurar la entrega de los ahorros en forma semanal. 15.- Dar seguimiento a los proyectos top 10 derivados de Matriz QA y cierre delo sde TOS(cola de escorpión en su área en un tiempo máximo de 1 semana ) 16.- Asegurarse del cumplimiento semanal de las funciones del TEAM LEADER a su cargo, proporcionar el recurso para que cumpla con las metas. 17.- Asegurarse de que se lleve semanalmente la junta de TEAM LEADER con su grupo natural , asegurándose de que se atiendan en forma sistemática los requerimientos 18. Asegurarse del llenado de los tableros Capacitación y BALANCE SCORE CARD del area 19.- Asegurarse del cumplimiento de los procedimientos incluidos en la STATION READINESS de cada una de sus estaciones de trabajo.

Ing. Electrónico, Mecatrónico o afin Titulo nivel Licenciatura Inglés Avanzado Disponibilidad para trabajar en turnos operativos, Mínimo 8 años de experiencia profesional At Stellantis, we assess candidates based on qualifications, merit and business needs. We welcome applications from people of all gender identities, age, ethnicity, nationality, religion, sexual orientation and disability. Diverse teams will allow us to better meet the evolving needs of our customers and care for our future.",https://www.linkedin.com/jobs/view/3979180049/,"{'companyApplyUrl': 'https://FCA.contacthr.com/140340655', 'easyApplyUrl': ''}","{'id': 66256333, 'name': 'Stellantis', 'universalName': 'stellantis', 'description': 'Our storied and iconic brands embody the passion of their visionary founders and today’s customers in their innovative products and services: they include Abarth, Alfa Romeo, Chrysler, Citroën, Dodge, DS Automobiles, Fiat, Jeep®, Lancia, Maserati, Opel, Peugeot, Ram, Vauxhall and mobility brands Free2move and Leasys. Powered by our diversity, we lead the way the world moves – aspiring to become the greatest sustainable mobility tech company, not the biggest, while creating added value for all stakeholders as well as the communities in which we operate. ', 'logo': 'https://media.licdn.com/dms/image/v2/C4D0BAQHURyWugU5A4g/company-logo_200_200/company-logo_200_200/0/1630577492034/stellantis_logo?e=1744848000&v=beta&t=E6Z_TooaqjAlwlhJjS3F-Y-J4gifYu7UvoSn4VIm8vA', 'url': 'https://www.linkedin.com/company/stellantis', 'followerCount': 2159280, 'staffCount': 111926, 'staffCountRange': {'start': 10001}, 'specialities': ['Automotive', 'Mobility', 'Tech'], 'industries': ['Motor Vehicle Manufacturing'], 'headquarter': {'country': 'NL', 'city': 'Amsterdam'}}","Saltillo, Coahuila, Mexico",183,1117,1738254957000,['Production'],['PROD'],[53],['Motor Vehicle Manufacturing'],not mentioned,1735662957000,1721299456000,not mentioned
LISTED,4069085439,Warranty Recovery Specialist,"The Warranty Recovery Specialist is responsible for the pursuit of fair and equitable cost recovery from our supplier partners. The selected individual will have experience in managing cross-functionally and possess a broad knowledge of the automotive engineering, manufacturing and quality landscape. The candidate must be high-energy, hands-on individual with strength of convictions -- a self-confident leader who, in part due to his/her personal presence, style and demeanor, effectively sells ideas and solutions to others. Moreover, this person must have unquestioned integrity.  

 Commitment and dedication in delivering a premier product to the consumer.

Contribute or drive team success by clarifying expectation and minimizing political hurdles. Demonstrate unwavering commitment to delivering results and champion achievements. Exhibit a willingness to do things differently and consistently translate ideas into actions that deliver results. Strong interpersonal skills with ability to work in a team environment.  

Basic Qualifications

 

Bachelor's degree in technical discipline Minimum of 8 years of experience in the automotive industry and/or manufacturing Strong communication and presentation skills to support meetings at all levels High-energy, hands-on individual with strength of conviction who can effectively sell ideas and solutions to others Undisputed integrity Microsoft Office suite proficiency  

Preferred Qualifications:  

Master's degree Warranty / Quality experience  Data analysis experience Finance/accounting experience Ability to drive team success by clarifying expectations and minimizing political hurdles  Self-motivated with strong interpersonal skills to establish partnerships both internally and externally to influence without direct authority

At Stellantis, we assess candidates based on qualifications, merit and business needs. We welcome applications from people of all gender identities, age, ethnicity, nationality, religion, sexual orientation and disability. Diverse teams will allow us to better meet the evolving needs of our customers and care for our AnnualAt Stellantis, we assess candidates based on qualifications, merit and business needs. We welcome applications from people of all gender identities, age, ethnicity, nationality, religion, sexual orientation and disability. Diverse teams will allow us to better meet the evolving needs of our customers and care for our future.",https://www.linkedin.com/jobs/view/4069085439/,"{'companyApplyUrl': 'https://FCA.contacthr.com/144176921', 'easyApplyUrl': ''}","{'id': 66256333, 'name': 'Stellantis', 'universalName': 'stellantis', 'description': 'Our storied and iconic brands embody the passion of their visionary founders and today’s customers in their innovative products and services: they include Abarth, Alfa Romeo, Chrysler, Citroën, Dodge, DS Automobiles, Fiat, Jeep®, Lancia, Maserati, Opel, Peugeot, Ram, Vauxhall and mobility brands Free2move and Leasys. Powered by our diversity, we lead the way the world moves – aspiring to become the greatest sustainable mobility tech company, not the biggest, while creating added value for all stakeholders as well as the communities in which we operate. ', 'logo': 'https://media.licdn.com/dms/image/v2/C4D0BAQHURyWugU5A4g/company-logo_200_200/company-logo_200_200/0/1630577492034/stellantis_logo?e=1744848000&v=beta&t=E6Z_TooaqjAlwlhJjS3F-Y-J4gifYu7UvoSn4VIm8vA', 'url': 'https://www.linkedin.com/company/stellantis', 'followerCount': 2159280, 'staffCount': 111926, 'staffCountRange': {'start': 10001}, 'specialities': ['Automotive', 'Mobility', 'Tech'], 'industries': ['Motor Vehicle Manufacturing'], 'headquarter': {'country': 'NL', 'city': 'Amsterdam'}}","Mexico City, Mexico",64,441,1738254970000,['Other'],['OTHR'],[53],['Motor Vehicle Manufacturing'],not mentioned,1735662970000,1730780657000,not mentioned
LISTED,4094009716,Program Manager for Supplier Quality Product Development ,"Job DescriptionThe Program Manager for Supplier Quality Product Development manages new, mid-cycle and carryover vehicle programs that are manufactured in North America(N.A.) and at an STELLANTIS affiliate facility located outside of the N.A. region. This position is responsible for ensuring key quality milestones/goals are met for all supplier components involved. The Program Manager will manage all aspects of the Advanced Supplier Quality functions as it pertains to STELLANTIS affiliate vehicle projects. This individual will work cross functionally with Engineering, Manufacturing, Supply Chain and Purchasing through the full life cycle of components. This includes, but is not limited to early source package approvals, supplier eligibility, supplier selection, launch phase and into production.At all times, the Program Manager is considered the primary SQ contact for N.A. STELLANTIS plants, STELLANTIS affiliate plants in other regions and also the vehicle team for any concerns regarding the quality of parts that we receive from our suppliers. The Program Manager will work directly with Engineering, Manufacturing, Supply Chain and Quality to ensure non-conforming parts are handled properly and follow STELLANTIS procedures and guidelines. We are seeking candidates qualified for the Program Manager role who are skilled Engineers and able to develop, present, and explain program status updates to senior leadership, manage multiple individual work teams, work globally, and are recognizes strong communicators. Additional job responsibilities for this position may include but not limited to the following: lead the collection, coordinate and present program level status updates on Supplier Quality activities for designated programs; work with suppliers and STELLANTIS manufacturing plant personnel to manage the containment and root cause analysis studies being coordinated at the STELLANTIS manufacturing facility; educate STELLANTIS plant staff on STELLANTIS Supplier Quality systems as required; manage Supplier Quality program reporting requirements for program reviews; manage program risk assessment summaries; manage the production part approval process (PPAP) for running changes as needed on current production programs; facilitate the funding and deployment of safe launch strategies/problem resolution reviews and facilitate early sourcing process and supplier selection.
Location(s)PROLOMGACIÓN PASEO DE LA REFORMA NO. 1240, Colonia Santa Fe, MX-DIF 1210
RequirementsBasic Qualifications:Bachelor of Science degree in Mechanical Engineering or Electrical EngineeringBachelor's degree in aerospace, Aeronautical, Biomedical, Biomechanical, Bioengineering, Chemical, Materials, Metallurgical, or Mechatronics8 or more years of work experience in Supplier Quality, Product Quality, Product Engineering, Manufacturing, or a related fieldAbility to travel up to 20% within the N.A. region and globally as requiredProficient in using Microsoft Office Suite software.Power BI strong knowledge is a mustMust have program management work experience.Demonstrate skills in cross-cultural awareness, leadership, communication, influence, negotiation, and conflict resolution.Demonstrate ability to build credibility, establish rapport, and maintain communication with customers at multiple levels, including those external to the organizationBilingual English level
Preferred Qualifications:Master's degree, Green Belt or Black Belt skills/certification (Red X/Shainin) Quality certificationProven ability to manage multiple projects and tasksEffective written and verbal communication skillsStrong interpersonal skills and the ability to work effectively in a cross-functional teamCreative problem-solving ability and a results orientation, comfortable with complex technical analysisPrevious experience as a Supplier Quality and/or Product Design Responsible Lead Engineer.
Employment TypeTemporary At Stellantis, we assess candidates based on qualifications, merit and business needs. We welcome applications from people of all gender identities, age, ethnicity, nationality, religion, sexual orientation and disability. Diverse teams will allow us to better meet the evolving needs of our customers and care for our future.",https://www.linkedin.com/jobs/view/4094009716/,"{'companyApplyUrl': 'https://recruiting.adp.com/srccar/public/RTI.home?c=2183219&d=ExternalCareerSite&r=5001082213700&_fromPublish=true#/', 'easyApplyUrl': ''}","{'id': 66256333, 'name': 'Stellantis', 'universalName': 'stellantis', 'description': 'Our storied and iconic brands embody the passion of their visionary founders and today’s customers in their innovative products and services: they include Abarth, Alfa Romeo, Chrysler, Citroën, Dodge, DS Automobiles, Fiat, Jeep®, Lancia, Maserati, Opel, Peugeot, Ram, Vauxhall and mobility brands Free2move and Leasys. Powered by our diversity, we lead the way the world moves – aspiring to become the greatest sustainable mobility tech company, not the biggest, while creating added value for all stakeholders as well as the communities in which we operate. ', 'logo': 'https://media.licdn.com/dms/image/v2/C4D0BAQHURyWugU5A4g/company-logo_200_200/company-logo_200_200/0/1630577492034/stellantis_logo?e=1744848000&v=beta&t=E6Z_TooaqjAlwlhJjS3F-Y-J4gifYu7UvoSn4VIm8vA', 'url': 'https://www.linkedin.com/company/stellantis', 'followerCount': 2159280, 'staffCount': 111926, 'staffCountRange': {'start': 10001}, 'specialities': ['Automotive', 'Mobility', 'Tech'], 'industries': ['Motor Vehicle Manufacturing'], 'headquarter': {'country': 'NL', 'city': 'Amsterdam'}}","Mexico City, Mexico",176,921,1739051653000,"['Management', 'Manufacturing', 'Quality Assurance']","['MGMT', 'MNFC', 'QA']",[53],['Motor Vehicle Manufacturing'],Mid-Senior level,1736362520000,1733867653000,not mentioned
LISTED,4005680278,Health & Safety Engineer (Construction),"Health and Safety Engineer is responsible for meet the H&S KPI´s in their responsibility area, collaborating with his costumers to provide continuous improvement to H&S System through the development of specific activities of the WHS department as well: Application of legal and corporate requirements on the matter. Training workers on regulatory and corporate issues/Execution of regulatory and corporate legal audits (E2HS, STPS, ISO45001)/review and authorization on floor of the Plant daily activities using risk assessment tools in the work areas for routine and non-routine tasks/ Willing to provide support in 3 shifts according plant needs / implementation of visual safety standards / participation and monitoring of tasks generated in plant meetings / Detection of unsafe acts and conditions / perform incident investigation/monitoring and effective feedback to audits created by employees and well being activities/ Safety Buy off for machinery and equipment / functionality testing of safety devices in both automated and non-automated processes / Management of contractors and suppliers. Identification and execution of savings projects / Safety facilitator for internal clients / Design and execution of strategies to reduce incidents and associated costs / Use and selection of PPE / Promotion of participation in safety matters at all levels of the company organization/Participation in Local Join H&S Comitee/Industrial Hygiene monitoring and management inside plant.

Bachelors degree in Environmental, Safety, Chemical or Industrial Eng.At least 3 years of experience managing H&S at manufacturing facilitiesAble to communicate in English writing and speakingHigh sense of responsibilityKnowledgeable in STPS, OSHA, ISO:45K, 14K StandardsDesirable experience starting manufacturing projectsHability to work with databases and MS Office At Stellantis, we assess candidates based on qualifications, merit and business needs. We welcome applications from people of all gender identities, age, ethnicity, nationality, religion, sexual orientation and disability. Diverse teams will allow us to better meet the evolving needs of our customers and care for our future.",https://www.linkedin.com/jobs/view/4005680278/,"{'companyApplyUrl': 'https://FCA.contacthr.com/141544001', 'easyApplyUrl': ''}","{'id': 66256333, 'name': 'Stellantis', 'universalName': 'stellantis', 'description': 'Our storied and iconic brands embody the passion of their visionary founders and today’s customers in their innovative products and services: they include Abarth, Alfa Romeo, Chrysler, Citroën, Dodge, DS Automobiles, Fiat, Jeep®, Lancia, Maserati, Opel, Peugeot, Ram, Vauxhall and mobility brands Free2move and Leasys. Powered by our diversity, we lead the way the world moves – aspiring to become the greatest sustainable mobility tech company, not the biggest, while creating added value for all stakeholders as well as the communities in which we operate. ', 'logo': 'https://media.licdn.com/dms/image/v2/C4D0BAQHURyWugU5A4g/company-logo_200_200/company-logo_200_200/0/1630577492034/stellantis_logo?e=1744848000&v=beta&t=E6Z_TooaqjAlwlhJjS3F-Y-J4gifYu7UvoSn4VIm8vA', 'url': 'https://www.linkedin.com/company/stellantis', 'followerCount': 2159280, 'staffCount': 111899, 'staffCountRange': {'start': 10001}, 'specialities': ['Automotive', 'Mobility', 'Tech'], 'industries': ['Motor Vehicle Manufacturing'], 'headquarter': {'country': 'NL', 'city': 'Amsterdam'}}","Saltillo, Coahuila, Mexico",248,925,1738686237000,['Production'],['PROD'],[53],['Motor Vehicle Manufacturing'],not mentioned,1735662978000,1724353304000,not mentioned
LISTED,4122438436,Buyer - Casting & Driveline Components,"The Buyer for Casting & Driveline Components will support buying in North America.

Responsibilities

The core responsibilities of this position are the development, ownership, and execution of full lifecycle commodity strategies which include but are not limited to:

Lead Buyer for key Casting & Driveline Component suppliersCoordinate and manage open issues, lead and execute business plan, and serve as escalation point to drive issue closureServe as the lead for Casting & Driveline Components coordinating global sourcing's, benchmarking and commodity strategy executionCoordinate and execute commercial pricing agreements and detailed price breakdowns that will be used across all programs and suppliersManage and/or support complex supply and capacity issuesFrequent professional communication with senior leadership is expectedSubject matter expert in cost management and manufacturing processes with a particular emphasis on efficiencyBachelor's degree in Business Administration, Finance or a related field5 years of purchasing or closely related relevant experienceStrong communication skillsAbility to lead cross-functional teamsStrong fluency with G Suite / MS Office Suite (strong spreadsheet skills)

At Stellantis, we assess candidates based on qualifications, merit and business needs. We welcome applications from people of all gender identities, age, ethnicity, nationality, religion, sexual orientation and disability. Diverse teams will allow us to better meet the evolving needs of our customers and care for our future. At Stellantis, we assess candidates based on qualifications, merit and business needs. We welcome applications from people of all gender identities, age, ethnicity, nationality, religion, sexual orientation and disability. Diverse teams will allow us to better meet the evolving needs of our customers and care for our future.",https://www.linkedin.com/jobs/view/4122438436/,"{'companyApplyUrl': 'https://FCA.contacthr.com/145677201', 'easyApplyUrl': ''}","{'id': 66256333, 'name': 'Stellantis', 'universalName': 'stellantis', 'description': 'Our storied and iconic brands embody the passion of their visionary founders and today’s customers in their innovative products and services: they include Abarth, Alfa Romeo, Chrysler, Citroën, Dodge, DS Automobiles, Fiat, Jeep®, Lancia, Maserati, Opel, Peugeot, Ram, Vauxhall and mobility brands Free2move and Leasys. Powered by our diversity, we lead the way the world moves – aspiring to become the greatest sustainable mobility tech company, not the biggest, while creating added value for all stakeholders as well as the communities in which we operate. ', 'logo': 'https://media.licdn.com/dms/image/v2/C4D0BAQHURyWugU5A4g/company-logo_200_200/company-logo_200_200/0/1630577492034/stellantis_logo?e=1744848000&v=beta&t=E6Z_TooaqjAlwlhJjS3F-Y-J4gifYu7UvoSn4VIm8vA', 'url': 'https://www.linkedin.com/company/stellantis', 'followerCount': 2159280, 'staffCount': 111925, 'staffCountRange': {'start': 10001}, 'specialities': ['Automotive', 'Mobility', 'Tech'], 'industries': ['Motor Vehicle Manufacturing'], 'headquarter': {'country': 'NL', 'city': 'Amsterdam'}}","Mexico City, Mexico",12,73,1739140221000,['Other'],['OTHR'],[53],['Motor Vehicle Manufacturing'],not mentioned,1736548222000,1736548222000,not mentioned
LISTED,4038354243, Quality Plant Engineering Lead (Propulsion Systems)/TEMPORARY CONTRACT 18TH MONTHS,"Fiat Chrysler-STELLANTIS México ((Abarth, Alfa Romeo, Fiat, Lancia, Maserati, Jeep, Chrysler, Dodge y RAM, Peugeot, Citroën, DS, Opel y Vauxhall), empresa trasnacional del sector automotriz y de las 25 mejores empresas para trabajar en México, te invita a formar parte de su equipo como Quality Plant Engineering Lead (Propulsion Systems)- TEMPORARY CONTRACT (18th months)

Requirements:
Bachelor's degree (BAC+3) or higher in the fields of Mechanical Engineering, Electrical Engineering or Mechanical Engineering Technology from an accredited university (other Engineering degrees, in combination with relevant experience may be considered)Minimum of 8 years of related experiencePrevious experience in Engineering Department, Vehicle/mechanic Plant or Project teamAbility to lead an Engineering team to deliver product changes and launches on timeExperience with Root Cause Analysis (RCA) and corrective actionsStrong communication skills, both written and verbal from High Level Meetings down to the Shop FloorExperience in propulsion sytems or related components.Ability to work off shift hours as necessarySelf-motivated and directedAbility to thrive in a high intensity environment while working on multiple projectsRigorous and pragmaticLanguages: plant language & English

Preferred: Masters DegreeGreen beltWorld Class Manufacturing Experience

Job Description:
Define containment actions to apply for customer protection (including supplier Issues)Do vehicle issue diagnosis and root cause analysisEnsure that his team carries out the pre-analysis activities on timeDo risk assessments and lead corrective action plansGuarantee the product – process maturity of the components of his perimeter management of serial life (windows change management).Propose alternative product solution in case of issues (as shortage) to avoid to stop mass production in the plantParticipate in Quality ENG tech clubs.Implementation of good idea and standards (Read Across)Ensure the right application in the plant of the technical requirements and the meta function “métiers” standards of his perimeterEnsure that the skills of his team is at the right levelEnsure the management activities of his team (daily management control meeting)Ensure that his team is working in safetyLead quality KPI management to achieve quality objectives, driving improvement/corrective actions and escalationResolution of systemic/chronic or major quality issues (Top Warranty, Recalls, …)Technical support Yard Holds / Product Related Issues (PRI’s) technical referent inside the PRI.Set-up / On-going Controls for Process / product Standards for Vehicle & System Functional Objectives (i.e. ADAS, BSR, FEA)
 On-site position at Saltillo´s plant
We offer:Direct hiringTemporary contract (18th months)Above the law benefits
EOE / Disability / Veteran At Stellantis, we assess candidates based on qualifications, merit and business needs. We welcome applications from people of all gender identities, age, ethnicity, nationality, religion, sexual orientation and disability. Diverse teams will allow us to better meet the evolving needs of our customers and care for our future.",https://www.linkedin.com/jobs/view/4038354243/,"{'companyApplyUrl': '', 'easyApplyUrl': 'https://www.linkedin.com/job-apply/4038354243'}","{'id': 66256333, 'name': 'Stellantis', 'universalName': 'stellantis', 'description': 'Our storied and iconic brands embody the passion of their visionary founders and today’s customers in their innovative products and services: they include Abarth, Alfa Romeo, Chrysler, Citroën, Dodge, DS Automobiles, Fiat, Jeep®, Lancia, Maserati, Opel, Peugeot, Ram, Vauxhall and mobility brands Free2move and Leasys. Powered by our diversity, we lead the way the world moves – aspiring to become the greatest sustainable mobility tech company, not the biggest, while creating added value for all stakeholders as well as the communities in which we operate. ', 'logo': 'https://media.licdn.com/dms/image/v2/C4D0BAQHURyWugU5A4g/company-logo_200_200/company-logo_200_200/0/1630577492034/stellantis_logo?e=1744848000&v=beta&t=E6Z_TooaqjAlwlhJjS3F-Y-J4gifYu7UvoSn4VIm8vA', 'url': 'https://www.linkedin.com/company/stellantis', 'followerCount': 2159280, 'staffCount': 111926, 'staffCountRange': {'start': 10001}, 'specialities': ['Automotive', 'Mobility', 'Tech'], 'industries': ['Motor Vehicle Manufacturing'], 'headquarter': {'country': 'NL', 'city': 'Amsterdam'}}","Saltillo, Coahuila, Mexico",207,1056,1748565192000,"['Engineering', 'Design', 'Quality Assurance']","['ENG', 'DSGN', 'QA']","[53, 112, 94]","['Motor Vehicle Manufacturing', 'Appliances, Electrical, and Electronics Manufacturing', 'Airlines and Aviation']",Associate,1735783405000,1727829192000,not mentioned
LISTED,4120912847,Metrology Engineer,"Assure quality by driving dimensionally capable product and process

Identify the critical few features that define qualityCreate and maintain control plans for all featuresAssure coordinated datums and featuresAssure dimensionally capable product and assembly tooling designIdentify, develop, and implement metrology innovation  Lead and manage all Metrology related activities Lead root cause analysis of all dimensional issues, leveraging various inspection equipment (Meisterbock, QAF, Laser Scanner, CMM)Work with production and cross-functional teams in developing, evaluating and implementing corrective actions (example, simulating a shim move and evaluating its impact using Meisterbock) Work with production and cross-functional teams in developing, evaluating and implementing corrective actions by conducting root cause analysis for part detail and build process issues, identify issue resolution, prioritize actions, and assist in subsequent continuous improvement initiativesLead dimensional certification for all buy/make parts following FCA Part qualification processAssist stamping and supplier engineering activities with Part buyoff and prioritization matrices for part improvements. Lead metrology team through use of QAF fixtures and supplier reviews to ensure zero build issues and timely supplier support/feedback and commitments are achieved.Lead parts and system validation process for all Body geometry/vehicle fit and the variation reduction efforts for the Body Shop (Goal of achieving Vehicle EBO GA/BIW and BIW Cp/Cpk > 1.33 for all critical features and sustaining those levels through product life cycle) Publish daily, weekly, monthly reports (Carpet reports, EBO and Body Cp/Cpk trend charts) 

Engineering degree Electronic, Mechatronic or equivalent.

5 years experience in Automotive industry.

Experience on Metrology systems and measurement equipment

Problem Solver with strong analytic skills.

Strong data management skills. Data tools knowledge to manage large amounts of data efficiently and effectively.

English written and spoken, capable to communicate and negotiate effectively at all levels. Leadership skills focused on results. Communication and relationship skills.

High energy to achieve and deliver. Self motivated and emotional strength to manage stress and pressure.

At Stellantis, we assess candidates based on qualifications, merit and business needs. We welcome applications from people of all gender identities, age, ethnicity, nationality, religion, sexual orientation and disability. Diverse teams will allow us to better meet the evolving needs of our customers and care for our future. At Stellantis, we assess candidates based on qualifications, merit and business needs. We welcome applications from people of all gender identities, age, ethnicity, nationality, religion, sexual orientation and disability. Diverse teams will allow us to better meet the evolving needs of our customers and care for our future.",https://www.linkedin.com/jobs/view/4120912847/,"{'companyApplyUrl': 'https://FCA.contacthr.com/145629767', 'easyApplyUrl': ''}","{'id': 66256333, 'name': 'Stellantis', 'universalName': 'stellantis', 'description': 'Our storied and iconic brands embody the passion of their visionary founders and today’s customers in their innovative products and services: they include Abarth, Alfa Romeo, Chrysler, Citroën, Dodge, DS Automobiles, Fiat, Jeep®, Lancia, Maserati, Opel, Peugeot, Ram, Vauxhall and mobility brands Free2move and Leasys. Powered by our diversity, we lead the way the world moves – aspiring to become the greatest sustainable mobility tech company, not the biggest, while creating added value for all stakeholders as well as the communities in which we operate. ', 'logo': 'https://media.licdn.com/dms/image/v2/C4D0BAQHURyWugU5A4g/company-logo_200_200/company-logo_200_200/0/1630577492034/stellantis_logo?e=1744848000&v=beta&t=E6Z_TooaqjAlwlhJjS3F-Y-J4gifYu7UvoSn4VIm8vA', 'url': 'https://www.linkedin.com/company/stellantis', 'followerCount': 2159280, 'staffCount': 111925, 'staffCountRange': {'start': 10001}, 'specialities': ['Automotive', 'Mobility', 'Tech'], 'industries': ['Motor Vehicle Manufacturing'], 'headquarter': {'country': 'NL', 'city': 'Amsterdam'}}","Saltillo, Coahuila, Mexico",31,151,1738988632000,['Quality Assurance'],['QA'],[53],['Motor Vehicle Manufacturing'],not mentioned,1736396633000,1736396633000,not mentioned
LISTED,3865128311,PQE Body In White,"Responsibilities

The Quality organization is currently seeking a solutions-oriented Product Quality Engineer (PQE) to join the Quality team at Saltillo Truck Assembly Plant (STAP) in Saltillo, Coahuila. This position will be involved in working with various commodities within the entire vehicle architecture. This position offers the selected candidate an opportunity to be an integral part of company whose focus is to change the automotive landscape. The PQE will report to the Product Engineering Lead and will lead all quality systems/programs, provide technical expertise to hourly and manufacturing salary personnel at the STAP facility and collaborate with Plant Manufacturing and Engineering operations to champion Stellantis' Quality improvement efforts across all functional areas. The PQE will apply advanced problem solving and engineering knowledge to identify risks and create risk mitigation plans to resolve production and quality system deficiencies. The selected candidate will oversee and review project deliverables throughout the project lifecycle ensuring the product meets or exceeds customers' needs and expectations. Specific responsibilities are:

Represent ""Voice of the Customer"" within the Assembly PlantSupport Corporate Quality objectives/deliverables and communicate customer demands to all groups involved to ensure organizational success.Provide expert technical leadership in coordinating and directing cross functional teams in the application of quality initiatives.Provide clear direction to skilled and non-skilled trades in the operation of product testing and evaluation to generate necessary quality test data.Collaborate and lead internal and external resources to maintain strong customer relationships with dedication to the program schedule.Protect product design intent and function while assisting with identification and solutions of manufacturing constraints.Deliver statistical analysis of data on competition, customer direction, product performance, employee performance and perception of the customer to the manufacturing team members.Provide technical direction to employees regarding root cause analysis, issue resolution and establish corrective actions serving as the Subject Matter Expert (SME) within the manufacturing facility.Interpret released engineering designs, specifications, materials and standards for hourly and salary personnel.Engineer process variation reduction.Employ advanced problem solving expertise to correct unfavorable variances and communicate alternative measures to mitigate engineering, timing and/or financial issues.Empowered (hold authority) to cease and commence product related activities in relation to quality related issues.Lead teams to identify risks/hazards associated with product designs, processes, applications, applying lessons learned, and assist in the generation of FMEA's and associated Control Plans.Provides supervision necessary to perform, administer or direct rework/repair methods and processes in compliance with engineering standards.

Ingeniero industrial, mecanico, mecatronico, sistemas, o a fin con minimo 5 años de experiencia en la industria automotriz titulado. Ingles 80% At Stellantis, we assess candidates based on qualifications, merit and business needs. We welcome applications from people of all gender identities, age, ethnicity, nationality, religion, sexual orientation and disability. Diverse teams will allow us to better meet the evolving needs of our customers and care for our future.",https://www.linkedin.com/jobs/view/3865128311/,"{'companyApplyUrl': 'https://FCA.contacthr.com/135527972', 'easyApplyUrl': ''}","{'id': 66256333, 'name': 'Stellantis', 'universalName': 'stellantis', 'description': 'Our storied and iconic brands embody the passion of their visionary founders and today’s customers in their innovative products and services: they include Abarth, Alfa Romeo, Chrysler, Citroën, Dodge, DS Automobiles, Fiat, Jeep®, Lancia, Maserati, Opel, Peugeot, Ram, Vauxhall and mobility brands Free2move and Leasys. Powered by our diversity, we lead the way the world moves – aspiring to become the greatest sustainable mobility tech company, not the biggest, while creating added value for all stakeholders as well as the communities in which we operate. ', 'logo': 'https://media.licdn.com/dms/image/v2/C4D0BAQHURyWugU5A4g/company-logo_200_200/company-logo_200_200/0/1630577492034/stellantis_logo?e=1744848000&v=beta&t=E6Z_TooaqjAlwlhJjS3F-Y-J4gifYu7UvoSn4VIm8vA', 'url': 'https://www.linkedin.com/company/stellantis', 'followerCount': 2159280, 'staffCount': 111925, 'staffCountRange': {'start': 10001}, 'specialities': ['Automotive', 'Mobility', 'Tech'], 'industries': ['Motor Vehicle Manufacturing'], 'headquarter': {'country': 'NL', 'city': 'Amsterdam'}}","Saltillo, Coahuila, Mexico",52,569,1739312637000,['Production'],['PROD'],[53],['Motor Vehicle Manufacturing'],not mentioned,1735662967000,1710931469000,not mentioned
LISTED,4075432051,Supplier Quality Development Engineer,"Quality Audits, suppliers on-site visits. Follow-up and solutions to Quality problems (0K and Warranty claims). APQP active participation in new product development meetings and new suppliers. Development of Risk Assessments. Development and presentation of update to SQ upper management. Production and OEE analysis of Suppliers' manufacturing processes.

Mechanical, industrial or similar Engineer

+5 years of work experience

Continuous travel availability

Multidisciplinary team work

Fluent English speaker

Preferred Qualifications: automotive Manufacturing processes preferred / mechanical. Problem resolution with analytical focus. Supplier Management and/or Supply chain. Basic Quality concepts proficiency (Yield, PFMEA, Control plan, PPAP, Continuous improvement). Quality and process auditor

At Stellantis, we assess candidates based on qualifications, merit and business needs. We welcome applications from people of all gender identities, age, ethnicity, nationality, religion, sexual orientation and disability. Diverse teams will allow us to better meet the evolving needs of our customers and care for our future. At Stellantis, we assess candidates based on qualifications, merit and business needs. We welcome applications from people of all gender identities, age, ethnicity, nationality, religion, sexual orientation and disability. Diverse teams will allow us to better meet the evolving needs of our customers and care for our future.",https://www.linkedin.com/jobs/view/4075432051/,"{'companyApplyUrl': 'https://FCA.contacthr.com/144410266', 'easyApplyUrl': ''}","{'id': 66256333, 'name': 'Stellantis', 'universalName': 'stellantis', 'description': 'Our storied and iconic brands embody the passion of their visionary founders and today’s customers in their innovative products and services: they include Abarth, Alfa Romeo, Chrysler, Citroën, Dodge, DS Automobiles, Fiat, Jeep®, Lancia, Maserati, Opel, Peugeot, Ram, Vauxhall and mobility brands Free2move and Leasys. Powered by our diversity, we lead the way the world moves – aspiring to become the greatest sustainable mobility tech company, not the biggest, while creating added value for all stakeholders as well as the communities in which we operate. ', 'logo': 'https://media.licdn.com/dms/image/v2/C4D0BAQHURyWugU5A4g/company-logo_200_200/company-logo_200_200/0/1630577492034/stellantis_logo?e=1744848000&v=beta&t=E6Z_TooaqjAlwlhJjS3F-Y-J4gifYu7UvoSn4VIm8vA', 'url': 'https://www.linkedin.com/company/stellantis', 'followerCount': 2159280, 'staffCount': 111926, 'staffCountRange': {'start': 10001}, 'specialities': ['Automotive', 'Mobility', 'Tech'], 'industries': ['Motor Vehicle Manufacturing'], 'headquarter': {'country': 'NL', 'city': 'Amsterdam'}}","Mexico City, Mexico",154,843,1738751035000,['Other'],['OTHR'],[53],['Motor Vehicle Manufacturing'],not mentioned,1735662986000,1731471834000,not mentioned
LISTED,3967897635,REGIONAL FLEET MANAGER (LCV ZONE MANAGER),"Promote the lCV retail and small fleet sales of the Stellantis vehicles.

To hold one on one meeting with dealer principals and managing staff

To be lCV retail and small fleet processes advisor with Stellantis dealerships

Achieve the lCV retail zone sales objective and develop its dealer network zone

Experience

 5 years of minimum experience in this position or similar preferably in the automotive industry Years of minimal experience on similar position. Demonstrable experience in one-on-one negotiations and sales closing skills. Commercial presentations to dealer principals and managing staff

Technical Knowledge

 Good excel knowledge and skills. Analysis capability Understanding of the automotive retail market industry. At Stellantis, we assess candidates based on qualifications, merit and business needs. We welcome applications from people of all gender identities, age, ethnicity, nationality, religion, sexual orientation and disability. Diverse teams will allow us to better meet the evolving needs of our customers and care for our future.",https://www.linkedin.com/jobs/view/3967897635/,"{'companyApplyUrl': 'https://FCA.contacthr.com/139904840', 'easyApplyUrl': ''}","{'id': 66256333, 'name': 'Stellantis', 'universalName': 'stellantis', 'description': 'Our storied and iconic brands embody the passion of their visionary founders and today’s customers in their innovative products and services: they include Abarth, Alfa Romeo, Chrysler, Citroën, Dodge, DS Automobiles, Fiat, Jeep®, Lancia, Maserati, Opel, Peugeot, Ram, Vauxhall and mobility brands Free2move and Leasys. Powered by our diversity, we lead the way the world moves – aspiring to become the greatest sustainable mobility tech company, not the biggest, while creating added value for all stakeholders as well as the communities in which we operate. ', 'logo': 'https://media.licdn.com/dms/image/v2/C4D0BAQHURyWugU5A4g/company-logo_200_200/company-logo_200_200/0/1630577492034/stellantis_logo?e=1744848000&v=beta&t=E6Z_TooaqjAlwlhJjS3F-Y-J4gifYu7UvoSn4VIm8vA', 'url': 'https://www.linkedin.com/company/stellantis', 'followerCount': 2159280, 'staffCount': 111926, 'staffCountRange': {'start': 10001}, 'specialities': ['Automotive', 'Mobility', 'Tech'], 'industries': ['Motor Vehicle Manufacturing'], 'headquarter': {'country': 'NL', 'city': 'Amsterdam'}}","Mexico City, Mexico",350,1661,1739161448000,['Sales'],['SALE'],[53],['Motor Vehicle Manufacturing'],not mentioned,1735662962000,1720176264000,not mentioned
LISTED,4118847685,Dimensional Specialist,"Fiat Chrysler now Stellantis - Dimensional Specialist
STELLANTIS México, transnational company in the automotive sector and one of the 25 best companies to work for in Mexico, invites you to be part of its team:
Requirements:Engineering degree Electronic, Mechatronic or equivalent.5 years experience in Automotive industry.Experience on Metrology systems and measurement equipmentProblem Solver with strong analytic skills.Strong data management skills. Data tools knowledge to manage large amounts of data efficiently and effectively.English written and spoken, capable to communicate and negotiate effectively at all levels. Leadership skills focused on results. Communication and relationship skills.High energy to achieve and deliver. Self motivated and emotional strength to manage stress and pressure.
Responsibilities:Assure quality by driving dimensionally capable product and processIdentify the critical few features that define qualityCreate and maintain control plans for all featuresAssure coordinated datums and featuresAssure dimensionally capable product and assembly tooling designIdentify, develop, and implement metrology innovation Lead and manage all Metrology related activities Lead root cause analysis of all dimensional issues, leveraging various inspection equipment (Meisterbock, QAF, Laser Scanner, CMM)Work with production and cross-functional teams in developing, evaluating and implementing corrective actions (example, simulating a shim move and evaluating its impact using Meisterbock) Work with production and cross-functional teams in developing, evaluating and implementing corrective actions by conducting root cause analysis for part detail and build process issues, identify issue resolution, prioritize actions, and assist in subsequent continuous improvement initiativesLead dimensional certification for all buy/make parts following FCA Part qualification processAssist stamping and supplier engineering activities with Part buyoff and prioritization matrices for part improvements. Lead metrology team through use of QAF fixtures and supplier reviews to ensure zero build issues and timely supplier support/feedback and commitments are achieved.Lead parts and system validation process for all Body geometry/vehicle fit and the variation reduction efforts for the Body Shop (Goal of achieving Vehicle EBO GA/BIW and BIW Cp/Cpk > 1.33 for all critical features and sustaining those levels through product life cycle) Publish daily, weekly, monthly reports (Carpet reports, EBO and Body Cp/Cpk trend charts) 

We offer:· Direct hiring· Above the law benefits",https://www.linkedin.com/jobs/view/4118847685/,"{'companyApplyUrl': '', 'easyApplyUrl': 'https://www.linkedin.com/job-apply/4118847685'}","{'id': 66256333, 'name': 'Stellantis', 'universalName': 'stellantis', 'description': 'Our storied and iconic brands embody the passion of their visionary founders and today’s customers in their innovative products and services: they include Abarth, Alfa Romeo, Chrysler, Citroën, Dodge, DS Automobiles, Fiat, Jeep®, Lancia, Maserati, Opel, Peugeot, Ram, Vauxhall and mobility brands Free2move and Leasys. Powered by our diversity, we lead the way the world moves – aspiring to become the greatest sustainable mobility tech company, not the biggest, while creating added value for all stakeholders as well as the communities in which we operate. ', 'logo': 'https://media.licdn.com/dms/image/v2/C4D0BAQHURyWugU5A4g/company-logo_200_200/company-logo_200_200/0/1630577492034/stellantis_logo?e=1744848000&v=beta&t=E6Z_TooaqjAlwlhJjS3F-Y-J4gifYu7UvoSn4VIm8vA', 'url': 'https://www.linkedin.com/company/stellantis', 'followerCount': 2159280, 'staffCount': 111925, 'staffCountRange': {'start': 10001}, 'specialities': ['Automotive', 'Mobility', 'Tech'], 'industries': ['Motor Vehicle Manufacturing'], 'headquarter': {'country': 'NL', 'city': 'Amsterdam'}}","Saltillo, Coahuila, Mexico",54,300,1739052331000,"['Engineering', 'Manufacturing', 'Quality Assurance']","['ENG', 'MNFC', 'QA']",[53],['Motor Vehicle Manufacturing'],Associate,1736460331000,1736460331000,not mentioned
LISTED,4118842820,Product Quality Engineering,"Fiat Chrysler now Stellantis - Product Quality Engineering
STELLANTIS México, transnational company in the automotive sector and one of the 25 best companies to work for in Mexico, invites you to be part of its team:
Requirements:Engineering degree Electronic, Mechatronic or equivalent. 5 years experience in Automotive industry. Strong knowledge in Product & Quality systems. Problem Solver with strong analytic skills. Product Engineering systems knowledge CN, IAA, STV, EBOM, Team Center, PS. Quality systems knowledge SPC, Plan Control, PFMEA, WIS, FEW.English written and spoken.Green Belt or Black Belt
Responsibilities:
* Plant Quality Engineering responsible to accomplish and meet the company specifications, standards, functional objectives in the product.* Responsible and owner of Customer external KPI´s 1MIS and 3MIS; contributor to Plant KPI's improvement such as DR, SCA, DVX.* Act as permanent link between Product Development (USA, Italy, Mexico) and Plant Manufacturing to coordinate the improvements and product changes, communication and business decisions; with the responsibility to drive the plant actions.* Protect the Customer through effective plant containments, inspection controls in the QVS or Cert line and lead the permanent corrective actions from the plant with the different responsible.* Conduct customer risk assessments to determine the need for yard holds, including PRI's or Field Actions; plant representation in the technical calls, validate inspection and repair procedures, manage suspect vehicles control, clean points, recovery glide paths.* Manage the Product Engineering changes process, parts validation in the process through PER (Product Evaluation Request), and the CN (Change Request) process for plant implementation of a new part which includes team integration (Manufacturing, IE, MLM), plant bulletin and to ensure that the change will perform as planned in a production environment.* Lead the Problem Solving and Root Cause Analysis for process, parts or product issues impacting the KPI´s using formal techniques and methodology like GB/BB, Six Sigma, Advanced/Major Kaizen, etc, to determine issue responsibility whether Process, Supplier or Design and quick off the action plan.* Participate in the MY Launch process, from the new product digital build to identify issues in early step of the program to the plant physical builds in VP, PS phases; responsible to develop and execute the Quality Plan for the MY launch including Q-Teams for quality performance tracking during pilots build; identification of the Engineering responsibility issue impacting the plant, set glide paths to improve before V1; lead the Corporate SAQ for the pilot/launch issues assigned to Plant Manufacturing; support the plant during the new MY launch and validate all the Engineering Standards are met; support the launch containment for critical issues, inspection/repair procedures and vehicles disposition* Identify and initiate temporary product deviations to resolve Customer or Manufacturing concerns using TSA/IAA.* Identify any Engineering Responsibility issues impacting SCA audits; lead problem resolution using the GIM system process to document root cause, interim and permanent corrective actions.* Elaborate and assure compliance of Quality plans for critical components or processes; support the proactive Quality thru PFMEA´s for significant MY launches, new projects or V2 high impact changes.* Lead the customer satisfaction through the use of the Red Room to track the corrective actions for critical problems in timely manner and develop Kaizen projects and perform reviews with the Plant Management.* Assist in the correction of Supplier Quality issues, including need for incoming part sorting through Supplier Table and stock purges, certify the 3CPR procedures.* Participate in ""Best Practice"" sharing and collaboration between plants/platforms.* Support Process/Manufacturing to identify processes that are not capable and formulate an action plan (as team) to bring the process into conformance with minimal resources and timing.* Support Plant MQAS, MQGR documentation, certification and audit programs as required to guarantee all requirements in compliance.* Participate the Continuous Improvement initiatives and activities (workshops, problem-solving teams, process studies, parts analysis, quality control systems, etc).* Conduct the process conformance surveys through Process Observations to identify non conformance to Corporate requirements such as PS, MS, MQGR; continuously seeking for appropriate variability reduction/complexity reduction plans through recommendations to modify processes, design and/or tooling.* Seek for Error/Mistake proofing processes, components, devices to guarantee zero risks. * Conduct regular vehicle reviews and Yard audits to identify potential leaks to the Customer.* Help the torque control issues resolution.* Business Unit Leader responsible for a group of Engineers in the Quality Engineering Organization.
We offer:· Direct hiring· Above the law benefits",https://www.linkedin.com/jobs/view/4118842820/,"{'companyApplyUrl': '', 'easyApplyUrl': 'https://www.linkedin.com/job-apply/4118842820'}","{'id': 66256333, 'name': 'Stellantis', 'universalName': 'stellantis', 'description': 'Our storied and iconic brands embody the passion of their visionary founders and today’s customers in their innovative products and services: they include Abarth, Alfa Romeo, Chrysler, Citroën, Dodge, DS Automobiles, Fiat, Jeep®, Lancia, Maserati, Opel, Peugeot, Ram, Vauxhall and mobility brands Free2move and Leasys. Powered by our diversity, we lead the way the world moves – aspiring to become the greatest sustainable mobility tech company, not the biggest, while creating added value for all stakeholders as well as the communities in which we operate. ', 'logo': 'https://media.licdn.com/dms/image/v2/C4D0BAQHURyWugU5A4g/company-logo_200_200/company-logo_200_200/0/1630577492034/stellantis_logo?e=1744848000&v=beta&t=E6Z_TooaqjAlwlhJjS3F-Y-J4gifYu7UvoSn4VIm8vA', 'url': 'https://www.linkedin.com/company/stellantis', 'followerCount': 2159280, 'staffCount': 111925, 'staffCountRange': {'start': 10001}, 'specialities': ['Automotive', 'Mobility', 'Tech'], 'industries': ['Motor Vehicle Manufacturing'], 'headquarter': {'country': 'NL', 'city': 'Amsterdam'}}","Saltillo, Coahuila, Mexico",112,435,1739052042000,['Quality Assurance'],['QA'],[53],['Motor Vehicle Manufacturing'],Associate,1736460042000,1736460042000,not mentioned
