state,id,title,description,url,applyMethod,company,location,type,applies,views,expireAt,formattedJobFunctions,jobFunctions,industries,formattedIndustries,formattedExperienceLevel,listedAt,originalListedAt,skills
LISTED,4093396361,Programa de Becarios Nissan School,"¡Vive la experiencia y forma parte de nuestro Programa de Becarios Nissan School!

En Nissan buscamos becarios de diferentes carreras profesionales que busquen poner en práctica sus conocimientos en una de las mejores organizaciones de la industria automotriz.

Perfil:

Escolaridad: Estudiantes activos y regulares con término del 100% de materias/graduación en julio 2025 o posterior.

Formación: Ingeniería o Licenciatura.

Idioma: Inglés intermedio-avanzado

Disponibilidad : 5-6 horas diarias (Híbrido y/o Presencial).

Horario: Matutino (preferente)

Edad: Hasta 29 años al 31 de julio del 2025

Duración del proyecto: 11 meses

Ubicación: CDMX, Toluca y Aguascalientes

Qué encontrarás en el programa:

Tendrás oportunidades de desarrollo profesional y objetivos claros desde el primer día. Beca Mensual. Liberación de prácticas profesionales. Tu opinión será escuchada y valorada, estarás abierto a proponer ideas e innovar. Formarás parte de una cultura de bienestar y networking dentro de la industria automotriz. Formación especializadaLas entrevistas comenzarán en junio**

Posiciones disponibles sólo para equipos R&D y económico-administrativos (NO-Manufactura).

Cómo Aplicar:

Si estás interesado en esta emocionante oportunidad para desarrollar tus habilidades, registrare y envía tu CV en PDF destacando tu interés y aptitudes para el puesto. ¡Esperamos conocer tu talento!

Nissan (NMEX,NEdM, NRFS, NRFM y ANZEN) realiza contrataciones con base al cumplimiento del perfil de puesto en la vacante, sin distinción (ni discriminación por género, identidad y/o expresión de género, orientación sexual, ) raza, color, idioma, religión, opinión política o de cualquier otra índole, origen nacional o social, posición económica, nacimiento o cualquier otra condición.

Alvaro Obregon Ciudad de Mexico Mexico",https://www.linkedin.com/jobs/view/4093396361/,"{'companyApplyUrl': 'https://alliance.wd3.myworkdayjobs.com/en-US/nissanjobs/job/programa-de-becarios--nissan-finance--aguascalientes_r00155826?source=LinkedIn', 'easyApplyUrl': ''}","{'id': 221027, 'name': 'Nissan Motor Corporation', 'universalName': 'nissan-motor-corporation', 'description': 'Nissan Motor Corporation is a global car manufacturer that sells a full line of vehicles under the Nissan and INFINITI brands. Nissan’s global headquarters in Yokohama, Japan, manages operations in four regions: Japan-ASEAN, China, Americas, and AMIEO (Africa, Middle East, India, Europe & Oceania). For more information about our products, services and commitment to sustainable mobility, visit nissan-global.com. You can also follow us on Facebook, Instagram, Twitter and LinkedIn and see all our latest videos on YouTube.', 'logo': 'https://media.licdn.com/dms/image/v2/C560BAQG9AS7VlhF_rw/company-logo_200_200/company-logo_200_200/0/1672560394038/nissan_motor_corporation_logo?e=1741824000&v=beta&t=fHXZocUfd1ciM2_nD8PBihdlFcMaR9mU5jVaGGMFLec', 'url': 'https://www.linkedin.com/company/nissan-motor-corporation', 'followerCount': 1618744, 'staffCount': 42880, 'staffCountRange': {'start': 10001}, 'specialities': ['manufacture', 'sale', 'financial services', 'automotive'], 'industries': ['Motor Vehicle Manufacturing'], 'headquarter': {'geographicArea': 'Kanagawa', 'country': 'JP', 'city': 'Yokohama-shi', 'postalCode': '220-8686', 'line1': '1-1, Takashima 1-chome,'}}","Mexico City, Mexico",Part-time,28,140,1736253198000,"['Education', 'Training']","['EDU', 'TRNG']",[53],['Motor Vehicle Manufacturing'],Internship,1733661198000,1733660393000,"['Adobe Photoshop', 'English', 'Java', 'MATLAB', 'Nissan', 'Problem Solving', 'Public Speaking', 'Python (Programming Language)', 'Social Media', 'Team Leadership']"
LISTED,4089752542,"Assistant, Supervision | Team Leader","VACANTE TEMPORAL, INICIO DE ACTIVIDADES POR DEFINIR - 

FUNCION DEL PUESTO:

Estandarización y mejora el trabajo. Desarrollo de Operadores. Participa en junta de arranque y da conocimiento a los operadores del seguimiento a las actividades pendientes del turno anterior y/o prioritarias del día para garantizar el cumplimiento de estas actividades. Realiza la preparación de estaciones de trabajo para arranque de turno, Confirma 5s de cada estación, hace la entrega de EPP y realiza la confirmación de equipos y herramientas.  Confirma los resultados de QCTSE del turno anterior registrado en la bitácora, prevé las actividades pendientes y confirmación en campo, lee las bitácoras desde el último día de asistencia, confirma actividades pendientes establecidas, realiza la confirmación de contramedidas, informa al SV las actividades descritas en la bitácora. Actualización de TQM (Total Quality Management).  Realiza la Confirmación de registros, funcionamiento y respeto de los sistemas pokayoke(en caso de aplicar). Registro de anomalías en 5's Registra y estratifica los llamados de auxilio de help call para el seguimiento a actividades establecidas para evitar reincidencias y hace la entrega de reporte al SV. Realiza chequeo de calidad conforme al Aviso de Cambio de 4M, Confirmación de identificación de Hatsumono a las primeras piezas después del cambio (Piezas de Hatsumono) para cuando hay cambio, registrar el detalle del cambio en la bitácora de trabajo Informar al turno siguiente (físicamente) el nuevo método establecido. Soporta toma de tiempos para la creación de grafica de desbalanceo. Administra que los procesos a su cargo se realicen bajo los estándares establecidos en materia de calidad, seguridad, salud y medio ambiente para prevenir incidentes, accidentes o fallas administrativas y asegurar la calidad del producto. 

Perfil:

Categoría 3era, 4ª A, B/grados 82.Nivel de estudios ""Preparatoria+ 2 años "" o Carrera Técnica+ 2 años ideal.3.Seniority igual o mayor a 6 años. Record perfecto de asistencia en últimos 2 años. No tenga reportes laborales. Calificaciones aprobatorias de TAP (mínimo TAP-III), comparativo con Estándar GlobalNissan (NMEX,NEdM, NRFS, NRFM y ANZEN) realiza contrataciones con base al cumplimiento del perfil de puesto en la vacante, sin distinción (ni discriminación por género, identidad y/o expresión de género, orientación sexual, ) raza, color, idioma, religión, opinión política o de cualquier otra índole, origen nacional o social, posición económica, nacimiento o cualquier otra condición. Nissan (NMEX,NEdM, NRFS, NRFM and ANZEN) hires based on the fulfillment of the job profile in the vacancy, without distinction or discrimination based on gender, gender identity and/or expression, sexual orientation, race, color, language, religion, political or any other opinion, national or social origin, economic position, birth or any other condition. 

Jiutepec Morelos Mexico",https://www.linkedin.com/jobs/view/4089752542/,"{'companyApplyUrl': 'https://alliance.wd3.myworkdayjobs.com/en-US/nissanjobs/job/assistant--supervision_r00149618-1?source=LinkedIn', 'easyApplyUrl': ''}","{'id': 221027, 'name': 'Nissan Motor Corporation', 'universalName': 'nissan-motor-corporation', 'description': 'Nissan Motor Corporation is a global car manufacturer that sells a full line of vehicles under the Nissan and INFINITI brands. Nissan’s global headquarters in Yokohama, Japan, manages operations in four regions: Japan-ASEAN, China, Americas, and AMIEO (Africa, Middle East, India, Europe & Oceania). For more information about our products, services and commitment to sustainable mobility, visit nissan-global.com. You can also follow us on Facebook, Instagram, Twitter and LinkedIn and see all our latest videos on YouTube.', 'logo': 'https://media.licdn.com/dms/image/v2/C560BAQG9AS7VlhF_rw/company-logo_200_200/company-logo_200_200/0/1672560394038/nissan_motor_corporation_logo?e=1741824000&v=beta&t=fHXZocUfd1ciM2_nD8PBihdlFcMaR9mU5jVaGGMFLec', 'url': 'https://www.linkedin.com/company/nissan-motor-corporation', 'followerCount': 1618744, 'staffCount': 42890, 'staffCountRange': {'start': 10001}, 'specialities': ['manufacture', 'sale', 'financial services', 'automotive'], 'industries': ['Motor Vehicle Manufacturing'], 'headquarter': {'geographicArea': 'Kanagawa', 'country': 'JP', 'city': 'Yokohama-shi', 'postalCode': '220-8686', 'line1': '1-1, Takashima 1-chome,'}}","Jiutepec, Morelos, Mexico",Full-time,15,69,1735907552000,"['Management', 'Manufacturing']","['MGMT', 'MNFC']",[53],['Motor Vehicle Manufacturing'],Entry level,1733315552000,1733314831000,"['5S', 'Analytical Skills', 'Coaching', 'Customer Satisfaction', 'Environmentally Preferable Purchasing (EPP)', 'Problem Solving', 'Quality Management', 'Social Media', 'Team Leadership', 'Total Quality Management (TQM)']"
LISTED,4089753506,Auditor de Calidad CIVAC,"VACANTE TEMPORAL, INICIO DE ACTIVIDADES POR DEFINIR -

Misión: 

Revisar y atender los incidentes de calidad de las auto partes reportadas por las diferentes líneas de producción para coadyuvar en la aplicación de las acciones inmediatas y cumplir con los objetivos de calidad.

Responsabilidades:

Analizar los incidentes de calidad reportados para determinar acciones correctivasEstablecer métodos de inspección para identificar incidentes de calidadDeterminar causas y contramedidas, apoyándose de herramientas, pruebas de laboratorio para proponer acciones de mejoraEjecutar y verificar que los procesos a su cargo se realicen con los estándares establecidos en materia de calidad, seguridad, salud y medio ambiente, para prevenir incidentes, accidentes, fallas administrativas y asegurar la calidad del producto. 

Perfil:

Escolaridad:  Bachillerato, Carrera técnica.

Área o especialidad: Deseable: Calidad.

Conocimientos: Componentes del automóvil.

Habilidades técnicas: Análisis de información, paquetería office, inglés intermedio.

Esquema de trabajo: Presencial

Nissan (NMEX,NEdM, NRFS, NRFM y ANZEN) realiza contrataciones con base al cumplimiento del perfil de puesto en la vacante, sin distinción (ni discriminación por género, identidad y/o expresión de género, orientación sexual, ) raza, color, idioma, religión, opinión política o de cualquier otra índole, origen nacional o social, posición económica, nacimiento o cualquier otra condición. Nissan (NMEX,NEdM, NRFS, NRFM and ANZEN) hires based on the fulfillment of the job profile in the vacancy, without distinction or discrimination based on gender, gender identity and/or expression, sexual orientation, race, color, language, religion, political or any other opinion, national or social origin, economic position, birth or any other condition.",https://www.linkedin.com/jobs/view/4089753506/,"{'companyApplyUrl': 'https://alliance.wd3.myworkdayjobs.com/en-US/nissanjobs/job/auditor-de-calidad-civac_r00149634?source=LinkedIn', 'easyApplyUrl': ''}","{'id': 221027, 'name': 'Nissan Motor Corporation', 'universalName': 'nissan-motor-corporation', 'description': 'Nissan Motor Corporation is a global car manufacturer that sells a full line of vehicles under the Nissan and INFINITI brands. Nissan’s global headquarters in Yokohama, Japan, manages operations in four regions: Japan-ASEAN, China, Americas, and AMIEO (Africa, Middle East, India, Europe & Oceania). For more information about our products, services and commitment to sustainable mobility, visit nissan-global.com. You can also follow us on Facebook, Instagram, Twitter and LinkedIn and see all our latest videos on YouTube.', 'logo': 'https://media.licdn.com/dms/image/v2/C560BAQG9AS7VlhF_rw/company-logo_200_200/company-logo_200_200/0/1672560394038/nissan_motor_corporation_logo?e=1741824000&v=beta&t=fHXZocUfd1ciM2_nD8PBihdlFcMaR9mU5jVaGGMFLec', 'url': 'https://www.linkedin.com/company/nissan-motor-corporation', 'followerCount': 1618744, 'staffCount': 42890, 'staffCountRange': {'start': 10001}, 'specialities': ['manufacture', 'sale', 'financial services', 'automotive'], 'industries': ['Motor Vehicle Manufacturing'], 'headquarter': {'geographicArea': 'Kanagawa', 'country': 'JP', 'city': 'Yokohama-shi', 'postalCode': '220-8686', 'line1': '1-1, Takashima 1-chome,'}}","Jiutepec, Morelos, Mexico",Full-time,23,127,1735907552000,['Quality Assurance'],['QA'],[53],['Motor Vehicle Manufacturing'],Mid-Senior level,1733315552000,1733314815000,"['Construction Site Inspections', 'Corrective Actions', 'Countermeasures', 'Information Analysis', 'Lab Testing', 'Laboratory Skills', 'Quality Assurance', 'Quality Auditing', 'Quality Control', 'Quality Management']"
LISTED,4085608520,NESNA Claims Support,"Provides telephone and email support of all facets of the claim life-cycle in a contact center environment for Nissan Security+Plus, Infiniti Elite, Mitsubishi Diamond Care and QualityGuard+Plus vehicle service contracts.

Job Responsibilities

Adjudicate claims; Verify contract coverage and eligibility to NESNA policies, ascertain parts and labor charges, provide preapprovals, facilitate third-party and TechCam inspections, secure vendor parts, and ensure optimal part warranty coverage throughout policy. Perform appropriate research with available tools to adjudicate claims, provide assistance to service contract policy holders & repair facilities, and approve claims according to NESNA policy & procedure. Leverage mechanical acumen & resources to provide proper labor and parts repair approvals. Conduct transactions according to NESNA policies & procedures to ensure proper use of Company funds. Ensure repair claims are completed in a timely manner; Facilitate third party obligations to completion; Follow-up to achieve commitments. Document all claims and communications in appropriate systems. Achieve claims management & quality KPIs as assigned. Promote positive work environment within a large team. Perform other duties as necessary. 

Qualifications:

Experience: At least 2 years of automotive technical experience, preferably within a dealership or manufacturer environmentEducation: Relevant degree or equivalent automotive technical training is preferred. Language: Advanced or Proficiency English

Required Skills and Experience:

Mechanical Acumen: Strong understanding of automotive mechanics, demonstrated by certifications such as Automotive Service Excellence (ASE). Problem Solving: Strong decision-making, negotiation, and conflict resolution skills. Technical Proficiency: Comfortable with Microsoft Office Suite and other PC applications. Typing Skills: Minimum typing speed of 30 words per minute. 

Nissan (NMEX, NRFS, NRFM y ANZEN) realiza contrataciones con base al cumplimiento del perfil de puesto en la vacante, sin distinción, ni discriminación por género, identidad y/o expresión de género, orientación sexual, raza, color, idioma, religión, opinión política o de cualquier otra índole, origen nacional o social, posición económica, nacimiento o cualquier otra condición. 

Nissan (NMEX, NRFS, NRFM and ANZEN) hires based on the fulfillment of the job profile in the vacancy, without distinction or discrimination based on gender, gender identity and/or expression, sexual orientation, race, color, language, religion, political or any other opinion, national or social origin, economic position, birth or any other condition.

By applying for the advertised position, candidates acknowledge that Nissan Mexicana and its subsidiaries reserve the right to conduct a public conduct search due to the sensitive nature of the assets and information involved in the role. This includes, but is not limited to, proprietary information, financial data, and other assets requiring safeguarding. Nissan Mexicana and its subsidiaries assure confidentiality and compliance with all legal requirements regarding the use of such information. By applying for this position, you are consenting to this check.

Mexico City Mexico",https://www.linkedin.com/jobs/view/4085608520/,"{'companyApplyUrl': 'https://alliance.wd3.myworkdayjobs.com/en-US/nissanjobs/job/nesna-claims-support_r00173635-1?source=LinkedIn', 'easyApplyUrl': ''}","{'id': 221027, 'name': 'Nissan Motor Corporation', 'universalName': 'nissan-motor-corporation', 'description': 'Nissan Motor Corporation is a global car manufacturer that sells a full line of vehicles under the Nissan and INFINITI brands. Nissan’s global headquarters in Yokohama, Japan, manages operations in four regions: Japan-ASEAN, China, Americas, and AMIEO (Africa, Middle East, India, Europe & Oceania). For more information about our products, services and commitment to sustainable mobility, visit nissan-global.com. You can also follow us on Facebook, Instagram, Twitter and LinkedIn and see all our latest videos on YouTube.', 'logo': 'https://media.licdn.com/dms/image/v2/C560BAQG9AS7VlhF_rw/company-logo_200_200/company-logo_200_200/0/1672560394038/nissan_motor_corporation_logo?e=1741824000&v=beta&t=fHXZocUfd1ciM2_nD8PBihdlFcMaR9mU5jVaGGMFLec', 'url': 'https://www.linkedin.com/company/nissan-motor-corporation', 'followerCount': 1618744, 'staffCount': 42890, 'staffCountRange': {'start': 10001}, 'specialities': ['manufacture', 'sale', 'financial services', 'automotive'], 'industries': ['Motor Vehicle Manufacturing'], 'headquarter': {'geographicArea': 'Kanagawa', 'country': 'JP', 'city': 'Yokohama-shi', 'postalCode': '220-8686', 'line1': '1-1, Takashima 1-chome,'}}","Mexico City, Mexico",Full-time,9,145,1735216418000,"['Finance', 'Sales']","['FIN', 'SALE']",[53],['Motor Vehicle Manufacturing'],Entry level,1732624418000,1732623605000,"['Car Service', 'Claims Handling', 'Claims Management', 'Communication', 'Insurance Claims', 'Key Performance Indicators', 'Negotiation', 'Policies & Procedures', 'Problem Solving', 'Typing']"
LISTED,4084219181,Buyer 2,"Responsible for sourcing, price negotiations and cost reduction activities for a group of progressively complex commodities. Interfaces with other departments and suppliers to ensure successful execution of commodity contracts. Assists buyers with conducting major negotiations and addressing non-routine activities. Prepares formal presentations and leads meetings as required.

Job Functions:

Providing instruction and guidance to buyers to drive and deliver results. Develops strategic sourcing plans and manages sourcing activities for commodities. Performs comparative analysis of competing suppliers in order to recommend the most competitive source for a specified commodity. Negotiates and establishes commodity prices in support of the department's cost reduction goals. Assists other buyers with complex price negotiations. Engages with end users of assigned commodities (client groups and/or engineers) to establish understanding of the requirements and specifications of commodities. Plans, develops, implements, and maintains cost reduction plans for assigned commodities. Tracks and validates cost savings data. Establishes, executes, and manages contracts for assigned commodities; issues and maintains purchase orders, and related purchasing records. In collaboration with upper management, manages cost changes for assigned commodities. Coordinates activities between all departments and supplier base to ensure contract compliance and resolution of all major issues dealing with quality, cost, delivery, and design. Supports requests from others for data creation, data confirmation, status updates, and other activities as needed. Contributes to departmental knowledge transfer by facilitating onboarding of new buyers, coaching buyers. Communicates with global counterparts to facilitate alignment of purchasing activities. Develops critical work instructions, procedures, and engages in workflow improvement for the team and/or department to maximize efficiency and coordination or purchasing activities. As necessary, performs other related duties of which the above are representative. 

Education:

Bachelor's degree in business, Supply Chain Management, Engineering or a related field or equivalent experiences.

Experience:

Minimum 2-3 years of related experience at a professional level.

Required knowledge: 

Be involved in sourcing and cost reduction activities, including budget analysis, quote analysis, quote formation, benchmarking, cost forecasting, and negotiation. Proven ability to meet and exceed performance objectives in previous roles. Strong knowledge of commercial and legal regulations, automotive industry and assigned commodity.

Language: 

English (Advanced)

Computer Skills:

Proficient in Microsoft Office, including Excel, Word, and PowerPoint. An ability to learn and utilize other computer applications as necessary.

Availability to travel (Visa and Passport active)

Nissan (NMEX,NEdM, NRFS, NRFM y ANZEN) realiza contrataciones con base al cumplimiento del perfil de puesto en la vacante, sin distinción (ni discriminación por género, identidad y/o expresión de género, orientación sexual, ) raza, color, idioma, religión, opinión política o de cualquier otra índole, origen nacional o social, posición económica, nacimiento o cualquier otra condición. Nissan (NMEX,NEdM, NRFS, NRFM and ANZEN) hires based on the fulfillment of the job profile in the vacancy, without distinction or discrimination based on gender, gender identity and/or expression, sexual orientation, race, color, language, religion, political or any other opinion, national or social origin, economic position, birth or any other condition. 

By applying for the advertised position, candidates acknowledge that Nissan Mexicana and its subsidiaries reserve the right to conduct a

public conduct search due to the sensitive nature of the assets and information involved in the role. This includes, but is not limited to, proprietary information, financial data, and other assets requiring safeguarding. Nissan Mexicana and its subsidiaries assure confidentiality and compliance with all legal requirements regarding the use of such information. By applying for this position, you are consenting to this check.

Toluca México Mexico",https://www.linkedin.com/jobs/view/4084219181/,"{'companyApplyUrl': 'https://alliance.wd3.myworkdayjobs.com/en-US/nissanjobs/job/buyer-2_r00177992?source=LinkedIn', 'easyApplyUrl': ''}","{'id': 221027, 'name': 'Nissan Motor Corporation', 'universalName': 'nissan-motor-corporation', 'description': 'Nissan Motor Corporation is a global car manufacturer that sells a full line of vehicles under the Nissan and INFINITI brands. Nissan’s global headquarters in Yokohama, Japan, manages operations in four regions: Japan-ASEAN, China, Americas, and AMIEO (Africa, Middle East, India, Europe & Oceania). For more information about our products, services and commitment to sustainable mobility, visit nissan-global.com. You can also follow us on Facebook, Instagram, Twitter and LinkedIn and see all our latest videos on YouTube.', 'logo': 'https://media.licdn.com/dms/image/v2/C560BAQG9AS7VlhF_rw/company-logo_200_200/company-logo_200_200/0/1672560394038/nissan_motor_corporation_logo?e=1741824000&v=beta&t=fHXZocUfd1ciM2_nD8PBihdlFcMaR9mU5jVaGGMFLec', 'url': 'https://www.linkedin.com/company/nissan-motor-corporation', 'followerCount': 1618744, 'staffCount': 42880, 'staffCountRange': {'start': 10001}, 'specialities': ['manufacture', 'sale', 'financial services', 'automotive'], 'industries': ['Motor Vehicle Manufacturing'], 'headquarter': {'geographicArea': 'Kanagawa', 'country': 'JP', 'city': 'Yokohama-shi', 'postalCode': '220-8686', 'line1': '1-1, Takashima 1-chome,'}}","Toluca de Lerdo, México, Mexico",Full-time,47,288,1735320362000,"['Purchasing', 'Supply Chain']","['PRCH', 'SUPL']",[53],['Motor Vehicle Manufacturing'],Mid-Senior level,1732728362000,1732726055000,"['Analytical Skills', 'Automobiles', 'Commodities', 'Computer Literacy', 'English', 'Negotiation', 'Presentations', 'Purchase Orders', 'Strategic Sourcing', 'Supply Chain Management']"
LISTED,4093397940,Employee Inquiry Jr. Specialist NMEX,"Job Description Summary

First point of contact (Tier 1) for inbound Human Resources and Benefits questions and processing requests for employees located in US, Canada and Mexico. Trained in a broad range of HR subjects and able to answer usually 3/4 of the inbound requests without the need for further research, escalation, or triage. Partners with other internal and cross-functional teams on other 1/4 of cases where additional information is needed. Assists with case management triage, projects, and process improvement.

Job Functions

Handle inbound calls from the Company's multi-state employees covering a broad range of reasons, questions and issues for initial contact - possess first level knowledge and when to escalate. Educate callers on policies, programs, and processes related to questions/issues. Utilize applicable systems tools (e.g. 3CLogic, GrupoOno, Knowledge base, PeopleSoft) tools and resources to access specific HR-related information to provide detailed explanations. Provide guidance to employees on how to access information directly through employee self-service tools and engage website. Explain plan provisions and eligibility to a pre-defined depth. Possess ability to sufficiently resolve first-level contacts to meet Nissan employee's needs. Open appropriate cases as necessary to escalated request requiring in-depth analysis or expertise of Tier 2. Assist with reporting, data reviews and other internal and/or cross-functional projects. Up to 50% project work. Internal and/or cross-functional project lead. Make suggestions on and assist with deploying process improvement opportunities. Review employee/participants and company plan related materials to stay current with company related benefit, HR and other related programs and topics. - Assist with peer training and act as a technical or subject matter lead for HRSC employees and callers. Deliver on Case Management Deliverables through appropriate triage of inbound case load. 

Minimum Job Qualification

Job Knowledge and Skill:

Experience: 1-2 years combined customer service (preferably in a call center environment) and/or HR experience. Education: 4 years of college or equivalent, (Human Resources, Business, or related field) preferred. Advanced English Level. Call Center:Repetitive Tasks - The ability to perform repetitive hand/arm motions up to 70% of the time. TypingWearing of Phone Headset. Ability to handle confidential and sensitive information with tact and discretionStrong customer service orientation. Ability to diffuse distraught callers, help identify, articulate, and appropriately escalate issues. Display sound judgment, empathy, understanding and patience. Ability to absorb and interpret complex information. Prior experience working HRIS system or call center. Organized, dependable, flexible, and motivated. Computer Skills: Thorough knowledge of information and web-based systems from a functional perspective. Must be proficient in using Microsoft office products such as Excel, Word, and Access. 

Nissan (NMEX, NRFS, NRFM and ANZEN) hires based on the fulfillment of the job profile in the vacancy, without distinction or discrimination based on gender, gender identity and/or expression, sexual orientation, race, color, language, religion, political or any other opinion, national or social origin, economic position, birth or any other condition.

By applying for the advertised position, candidates acknowledge that Nissan Mexicana and its subsidiaries reserve the right to conduct a public conduct search due to the sensitive nature of the assets and information involved in the role. This includes, but is not limited to, proprietary information, financial data, and other assets requiring safeguarding. Nissan Mexicana and its subsidiaries assure confidentiality and compliance with all legal requirements regarding the use of such information. By applying for this position, you are consenting to this check.

Mexico City Mexico",https://www.linkedin.com/jobs/view/4093397940/,"{'companyApplyUrl': 'https://alliance.wd3.myworkdayjobs.com/en-US/nissanjobs/job/employee-inquiry-jr-specialist-nmex_r00174178-1?source=LinkedIn', 'easyApplyUrl': ''}","{'id': 221027, 'name': 'Nissan Motor Corporation', 'universalName': 'nissan-motor-corporation', 'description': 'Nissan Motor Corporation is a global car manufacturer that sells a full line of vehicles under the Nissan and INFINITI brands. Nissan’s global headquarters in Yokohama, Japan, manages operations in four regions: Japan-ASEAN, China, Americas, and AMIEO (Africa, Middle East, India, Europe & Oceania). For more information about our products, services and commitment to sustainable mobility, visit nissan-global.com. You can also follow us on Facebook, Instagram, Twitter and LinkedIn and see all our latest videos on YouTube.', 'logo': 'https://media.licdn.com/dms/image/v2/C560BAQG9AS7VlhF_rw/company-logo_200_200/company-logo_200_200/0/1672560394038/nissan_motor_corporation_logo?e=1741824000&v=beta&t=fHXZocUfd1ciM2_nD8PBihdlFcMaR9mU5jVaGGMFLec', 'url': 'https://www.linkedin.com/company/nissan-motor-corporation', 'followerCount': 1618744, 'staffCount': 42880, 'staffCountRange': {'start': 10001}, 'specialities': ['manufacture', 'sale', 'financial services', 'automotive'], 'industries': ['Motor Vehicle Manufacturing'], 'headquarter': {'geographicArea': 'Kanagawa', 'country': 'JP', 'city': 'Yokohama-shi', 'postalCode': '220-8686', 'line1': '1-1, Takashima 1-chome,'}}","Mexico City, Mexico",Full-time,1,21,1736253198000,['Other'],['OTHR'],[53],['Motor Vehicle Manufacturing'],Entry level,1733661198000,1733660507000,"['Analytical Skills', 'Computer Literacy', 'Contact Centers', 'Customer Service', 'English', 'Human Resources (HR)', 'Human Resources Information Systems (HRIS)', 'IT Escalation', 'Training', 'Triage']"
LISTED,4053839153,"Specialist, Treasury","Salvaguardar las cuentas bancarias de la compañía, revisando los procesos operativos correspondientes a los pagos diarios de las empresas del grupo asegurandose de cumplir con las politicas y controles establecidos, participar en proyectos de mejora a la operación.

Responsabilidades

Recibir, revisa, analizar y procesar las propuestas y o solicitudes de pago enviadas por sistema y/o manuales de las áreas internas solicitantes, de todas las empresas del grupo. Ejecutar en tiempo y forma vía banca electrónica y o sistemas todas las propuestas, solicitudes y operaciones bancarias del día de todas las empresas del grupoValidar la importación de estados de cuenta e información bancaria para consulta. Registrar operaciones contables propias que afecten las conciliaciones de las cuentas contables asignadas. Realizar tareas asignadas por auditorias externas e internas. Elaborar reportes mensuales de operación para entrega a autoridades fiscales y para clientes internos. Detectar e involucrarse en oportunidades de proyectos de automatización de procesos. Corroborar de manera diaria el monto a invertir respetando las politicas regionales. Salvaguarda de las llaves (tokens) de operación con cada uno de los bancos. 

Requisitos minimos

Experiencia laboral: 2 años comprobables en Tesorería

Educación: Licenciaturas Económico Administrativo / Finanzas / Contabilidad / Actuaría (Desirable)

Idiomas: Inglés Intermedio - TOEIC 500 pts

Habilidades técnicas.

Excel Intermedio-AvanzadoSistema IntegritySistema SAPExperiencia en bancas electronicas (Banamex, Scotiabank, BBVA, HSBC, Santander, CitiDirect, etc.)

By applying for the advertised position, candidates acknowledge that Nissan Mexicana and its subsidiaries reserve the right to conduct a public conduct search due to the sensitive nature of the assets and information involved in the role. This includes, but is not limited to, proprietary information, financial data, and other assets requiring safeguarding. Nissan Mexicana and its subsidiaries assure confidentiality and compliance with all legal requirements regarding the use of such information. By applying for this position, you are consenting to this check.

Nissan (NMEX, NRFS, NRFM y ANZEN) realiza contrataciones con base al cumplimiento del perfil de puesto en la vacante, sin distinción, ni discriminación por género, identidad y/o expresión de género, orientación sexual, raza, color, idioma, religión, opinión política o de cualquier otra índole, origen nacional o social, posición económica, nacimiento o cualquier otra condición. 

Nissan (NMEX, NRFS, NRFM and ANZEN) hires based on the fulfillment of the job profile in the vacancy, without distinction or discrimination based on gender, gender identity and/or expression, sexual orientation, race, color, language, religion, political or any other opinion, national or social origin, economic position, birth or any other condition.

Mexico City Mexico",https://www.linkedin.com/jobs/view/4053839153/,"{'companyApplyUrl': 'https://alliance.wd3.myworkdayjobs.com/en-US/nissanjobs/job/specialist--treasury_r00176630?source=LinkedIn', 'easyApplyUrl': ''}","{'id': 221027, 'name': 'Nissan Motor Corporation', 'universalName': 'nissan-motor-corporation', 'description': 'Nissan Motor Corporation is a global car manufacturer that sells a full line of vehicles under the Nissan and INFINITI brands. Nissan’s global headquarters in Yokohama, Japan, manages operations in four regions: Japan-ASEAN, China, Americas, and AMIEO (Africa, Middle East, India, Europe & Oceania). For more information about our products, services and commitment to sustainable mobility, visit nissan-global.com. You can also follow us on Facebook, Instagram, Twitter and LinkedIn and see all our latest videos on YouTube.', 'logo': 'https://media.licdn.com/dms/image/v2/C560BAQG9AS7VlhF_rw/company-logo_200_200/company-logo_200_200/0/1672560394038/nissan_motor_corporation_logo?e=1741824000&v=beta&t=fHXZocUfd1ciM2_nD8PBihdlFcMaR9mU5jVaGGMFLec', 'url': 'https://www.linkedin.com/company/nissan-motor-corporation', 'followerCount': 1618744, 'staffCount': 42880, 'staffCountRange': {'start': 10001}, 'specialities': ['manufacture', 'sale', 'financial services', 'automotive'], 'industries': ['Motor Vehicle Manufacturing'], 'headquarter': {'geographicArea': 'Kanagawa', 'country': 'JP', 'city': 'Yokohama-shi', 'postalCode': '220-8686', 'line1': '1-1, Takashima 1-chome,'}}","Mexico City, Mexico",Full-time,104,593,1734439157000,"['Finance', 'Sales']","['FIN', 'SALE']",[53],['Motor Vehicle Manufacturing'],Entry level,1731146679000,1729254127000,"['Analytical Skills', 'Banking', 'Cash Flow', 'Cash Management', 'Financial Data', 'Financial Management', 'Financial Reporting', 'Microsoft Excel', 'Treasury', 'Treasury Management']"
LISTED,4088694565,Trade Compliance Contractor,"Maintains and applies up-to-date regulatory expertise to ensure NNA is in compliance with federal regulations for trade content programs. Analyzes vendor and BOM data, prepares analyses and performs annual reconciliations of content and origin for present and future models in accordance with these regulations. Updates internal controls and procedures manuals in accordance with business needs and regulations. Regularly interfaces with external suppliers to obtain necessary documentation to support the NNA Trade Content Program, and interfaces with internal functions such as purchasing administration and strategy. Assists compliance manager in managing outsourced services for content and country of origin solicitation.

Key Responsibilities

Coordinates with domestic and foreign NML personnel, other SCM, NPO, and PQE analysts & engineers. Interfaces with external service providers and parts vendors professionally and with great discernment and care. Supports other Supply Chain Compliance, Legal, Risks, Customs and Trade, and SCM Innovations operation staff and coordinates to identify and implement operational synergies and efficiencies. Monitor industry trends, regulations, and best practices related to supply chain compliance. 

Education:

A bachelor's degree in engineering preferred, technical experience required; background experience in customs and trade regulations is a plus.

Experience:

2 to 3 years of related experience at a professional level, such as manufacturing engineer, automotive parts buyer, supply chain analyst or data scientist.

Computer Skills:

Advanced knowledge of word processor, spreadsheet EXCEL, other PC applications, or mainframe applications to create specialized applications or products of a highly technical nature.

Job Knowledge and Skill:

Excellent verbal and written communication skills. Strong analytical, accounting and systems project skills. Ability to work and deliver results under limited supervision. 

Language: Advanced English

Nissan (NMEX, NRFS, NRFM y ANZEN) realiza contrataciones con base al cumplimiento del perfil de puesto en la vacante, sin distinción, ni discriminación por género, identidad y/o expresión de género, orientación sexual, raza, color, idioma, religión, opinión política o de cualquier otra índole, origen nacional o social, posición económica, nacimiento o cualquier otra condición. 

Nissan (NMEX, NRFS, NRFM and ANZEN) hires based on the fulfillment of the job profile in the vacancy, without distinction or discrimination based on gender, gender identity and/or expression, sexual orientation, race, color, language, religion, political or any other opinion, national or social origin, economic position, birth or any other condition.

Mexico City Mexico",https://www.linkedin.com/jobs/view/4088694565/,"{'companyApplyUrl': 'https://alliance.wd3.myworkdayjobs.com/en-US/nissanjobs/job/trade-content-contractor_r00168154?source=LinkedIn', 'easyApplyUrl': ''}","{'id': 221027, 'name': 'Nissan Motor Corporation', 'universalName': 'nissan-motor-corporation', 'description': 'Nissan Motor Corporation is a global car manufacturer that sells a full line of vehicles under the Nissan and INFINITI brands. Nissan’s global headquarters in Yokohama, Japan, manages operations in four regions: Japan-ASEAN, China, Americas, and AMIEO (Africa, Middle East, India, Europe & Oceania). For more information about our products, services and commitment to sustainable mobility, visit nissan-global.com. You can also follow us on Facebook, Instagram, Twitter and LinkedIn and see all our latest videos on YouTube.', 'logo': 'https://media.licdn.com/dms/image/v2/C560BAQG9AS7VlhF_rw/company-logo_200_200/company-logo_200_200/0/1672560394038/nissan_motor_corporation_logo?e=1741824000&v=beta&t=fHXZocUfd1ciM2_nD8PBihdlFcMaR9mU5jVaGGMFLec', 'url': 'https://www.linkedin.com/company/nissan-motor-corporation', 'followerCount': 1618744, 'staffCount': 42890, 'staffCountRange': {'start': 10001}, 'specialities': ['manufacture', 'sale', 'financial services', 'automotive'], 'industries': ['Motor Vehicle Manufacturing'], 'headquarter': {'geographicArea': 'Kanagawa', 'country': 'JP', 'city': 'Yokohama-shi', 'postalCode': '220-8686', 'line1': '1-1, Takashima 1-chome,'}}","Toluca de Lerdo, México, Mexico",Full-time,7,124,1735648402000,"['Management', 'Manufacturing']","['MGMT', 'MNFC']",[53],['Motor Vehicle Manufacturing'],Mid-Senior level,1733056402000,1733055597000,"['Automotive', 'Computer Literacy', 'Customs Regulations', 'Data Science', 'English', 'Mainframe', 'Manufacturing', 'Software Configuration Management', 'Spreadsheets', 'Written Communication']"
LISTED,4093777873,Trade Compliance Contractor,"Maintains and applies up-to-date regulatory expertise to ensure NNA is in compliance with federal regulations for trade content programs. Analyzes vendor and BOM data, prepares analyses and performs annual reconciliations of content and origin for present and future models in accordance with these regulations. Updates internal controls and procedures manuals in accordance with business needs and regulations. Regularly interfaces with external suppliers to obtain necessary documentation to support the NNA Trade Content Program, and interfaces with internal functions such as purchasing administration and strategy. Assists compliance manager in managing outsourced services for content and country of origin solicitation.

Key Responsibilities

Coordinates with domestic and foreign NML personnel, other SCM, NPO, and PQE analysts & engineers. Interfaces with external service providers and parts vendors professionally and with great discernment and care. Supports other Supply Chain Compliance, Legal, Risks, Customs and Trade, and SCM Innovations operation staff and coordinates to identify and implement operational synergies and efficiencies. Monitor industry trends, regulations, and best practices related to supply chain compliance. 

Education:

A bachelor's degree in engineering preferred, technical experience required; background experience in customs and trade regulations is a plus.

Experience:

2 to 3 years of related experience at a professional level, such as manufacturing engineer, automotive parts buyer, supply chain analyst or data scientist.

Computer Skills:

Advanced knowledge of word processor, spreadsheet EXCEL, other PC applications, or mainframe applications to create specialized applications or products of a highly technical nature.

Job Knowledge and Skill:

Excellent verbal and written communication skills. Strong analytical, accounting and systems project skills. Ability to work and deliver results under limited supervision. 

Language: Advanced English

Nissan (NMEX, NRFS, NRFM and ANZEN) hires based on the fulfillment of the job profile in the vacancy, without distinction or discrimination based on gender, gender identity and/or expression, sexual orientation, race, color, language, religion, political or any other opinion, national or social origin, economic position, birth or any other condition.

By applying for the advertised position, candidates acknowledge that Nissan Mexicana and its subsidiaries reserve the right to conduct a public conduct search due to the sensitive nature of the assets and information involved in the role. This includes, but is not limited to, proprietary information, financial data, and other assets requiring safeguarding. Nissan Mexicana and its subsidiaries assure confidentiality and compliance with all legal requirements regarding the use of such information. By applying for this position, you are consenting to this check.

Aguascalientes Aguascalientes Mexico",https://www.linkedin.com/jobs/view/4093777873/,"{'companyApplyUrl': 'https://alliance.wd3.myworkdayjobs.com/en-US/nissanjobs/job/trade-compliance-contractor_r00174090?source=LinkedIn', 'easyApplyUrl': ''}","{'id': 221027, 'name': 'Nissan Motor Corporation', 'universalName': 'nissan-motor-corporation', 'description': 'Nissan Motor Corporation is a global car manufacturer that sells a full line of vehicles under the Nissan and INFINITI brands. Nissan’s global headquarters in Yokohama, Japan, manages operations in four regions: Japan-ASEAN, China, Americas, and AMIEO (Africa, Middle East, India, Europe & Oceania). For more information about our products, services and commitment to sustainable mobility, visit nissan-global.com. You can also follow us on Facebook, Instagram, Twitter and LinkedIn and see all our latest videos on YouTube.', 'logo': 'https://media.licdn.com/dms/image/v2/C560BAQG9AS7VlhF_rw/company-logo_200_200/company-logo_200_200/0/1672560394038/nissan_motor_corporation_logo?e=1741824000&v=beta&t=fHXZocUfd1ciM2_nD8PBihdlFcMaR9mU5jVaGGMFLec', 'url': 'https://www.linkedin.com/company/nissan-motor-corporation', 'followerCount': 1618744, 'staffCount': 42890, 'staffCountRange': {'start': 10001}, 'specialities': ['manufacture', 'sale', 'financial services', 'automotive'], 'industries': ['Motor Vehicle Manufacturing'], 'headquarter': {'geographicArea': 'Kanagawa', 'country': 'JP', 'city': 'Yokohama-shi', 'postalCode': '220-8686', 'line1': '1-1, Takashima 1-chome,'}}","Aguascalientes, Aguascalientes, Mexico",Full-time,4,35,1736080271000,"['Management', 'Manufacturing']","['MGMT', 'MNFC']",[53],['Motor Vehicle Manufacturing'],Mid-Senior level,1733488271000,1733487575000,"['Automotive', 'Computer Literacy', 'Customs Regulations', 'Data Science', 'English', 'Financial Data', 'Mainframe', 'Manufacturing', 'Spreadsheets', 'Written Communication']"
LISTED,4094383856,Analista de surtido (temporal),"Acerca de DHL

Somos la empresa líder en logística más grande del mundo, creamos una ventaja competitiva para nuestros clientes al brindarles soluciones logísticas basadas en nuestro almacenamiento ,transporte y servicios integrados estandarizados a nivel mundial.

Nuestra gente es nuestro mayor activo. Estamos certificados como una empresa Great Place to Work. En DHL encontrarás una cultura que abraza la diversidad, la colaboración; potencializa tus fortalezas y genera confianza a través de nuestros valores respeto y resultados. Un mundo impulsado por la logística. Una empresa impulsada por nuestra gente

Requisitos:


Preparatoria concluida.Excel intermedio-avanzado (se realiza prueba)Conocimiento en WMS, SAP o similar.Disponibilidad de rol de turnos (8 hrs.)Experiencia mínima de 1 año en puesto o similar.Conocimiento en Picking.


Funciones principales:


Verificar el área de surtido vs sistema.Verificar que el surtido se haya realizado de forma correcta.selección y recoger los elemntos necesarios para la orden .Tareas de embalaje.


Horario: Rol de 3 tunos

Zona a laborar Tultitlan: Av mexiquense

Ofrecemos:


Salario mensual de $13,600 mensuales brutos.Contratación definida por 3 meses.Beneficios de ley y superiores.10% de vales de despensa.Seguro de Gastos Médicos Mayores.Fondo de ahorro del 13%Otros beneficios adicionales.


En DHL México, encontrarás un ambiente que te desafiará a desarrollar al máximo tus habilidades y potencial profesional.",https://www.linkedin.com/jobs/view/4094383856/,"{'companyApplyUrl': 'https://careers.dhl.com/global/en/job/DPDHGLOBALMX13093ENGLOBALEXTERNALLUMESSELATAM/Analista-de-surtido-temporal?UTM_Medium=1JobWrapper&UTM_Campaign=2dhl&UTM_Source=0LinkedIn', 'easyApplyUrl': ''}","{'id': 3269, 'name': 'DHL Supply Chain', 'universalName': 'dhl-supply-chain', 'description': 'As the world’s largest contract logistics specialist, we create competitive advantage for customers through customized logistics solutions based on globally standardized warehousing, transportation and integrated services components. We bring sector expertise, global scale and local knowledge to design and manage supply chains from raw materials and manufacturing to finished goods delivery and return services.', 'logo': 'https://media.licdn.com/dms/image/v2/D4D0BAQGQSviVPXEUAQ/company-logo_200_200/company-logo_200_200/0/1727184412221/dhl_supply_chain_logo?e=1741824000&v=beta&t=d03bkYapnlzUx_Zm5rSuidWPZXr-FXQn-2AZ_l6o5kk', 'url': 'https://www.linkedin.com/company/dhl-supply-chain', 'followerCount': 1802250, 'staffCount': 62624, 'staffCountRange': {'start': 10001}, 'specialities': ['Logistics', 'Supply Chain Management', 'Consulting', 'Contract Manufacture', 'Warehousing', 'Order Fulfillment', 'Service Part Logistics', 'Kitting and Assembly', 'Managed Transportation', 'Reverse Logistics', 'Real Estate', 'In-Plant Logistics', 'Environmental Compliance', 'Automotive', 'Technology', 'packaging', 'ecommerce', 'mcommerce', 'supply chain', 'transport', 'fulfilment', 'packaging', 'real estate', 'commercial real estate', 'trucking', 'two man home delivery', 'distribution center', 'MRO', 'Service Logistics', 'Retail', 'Consumer', 'Energy', 'Chemicals', 'Manufacturing', 'Engineering', 'healthcare', 'pharma', 'lifescience', 'clinical trials'], 'industries': ['Truck Transportation'], 'headquarter': {'country': 'DE', 'city': 'Bonn', 'postalCode': '53113', 'line1': 'Charles-de-Gaulle-Str. 20'}}",Tampico Metropolitan Area,Full-time,3,17,1736258337000,"['Business Development', 'Sales']","['BD', 'SALE']",[116],"['Transportation, Logistics, Supply Chain and Storage']",Entry level,1733666337000,1733665418000,"['Analytical Skills', 'Assortment Strategies', 'Data Analysis', 'English', 'Microsoft Excel', 'Microsoft SQL Server', 'Negotiation', 'Public Speaking', 'SQL', 'WMS Implementations']"
LISTED,4089915641,Gerente de ventas nuevos// Nissan Lomas Verdes,"Grupo Kasa Automotriz Solicita

*** GERENTE DE VENTAS AUTOS NUEVOS// NISSAN LOMAS VERDES***

Que Necesitas

Sexo: Indistinto

Lic. Trunca o terminada

Experiencia en ventas, importante en el giro automotriz

Trabajo por objetivos

Que Vas Hacer

 Planear, organizar y controlar ventas de vehículos Brindar asesoramiento sobre la gama de vehículos y accesorios de nuestro catálogo de ventas Ampliar cartera de clientes y prospección de clientes Promover y gestionar a nuestros clientes el uso de los servicios financieros ofertados en el mercado

Diseño, implementación y seguimiento de Indicadores claves y estrategias comerciales.

 Análisis de información y KPI´s para elaborar reportes para la Dirección General.

Ofrecemos

Sueldo: $ 25,000 mas comisiones, ingresos promedio de 35 a 40 mil al mes

Prestaciones de ley

IMSS

INFONAVIT

Desarrollo profesional

Contacto

Envía tu CV al Whatsapp 55 5178 6507, indicando la vacante a la que te postulas.

Postúlate por este medio.",https://www.linkedin.com/jobs/view/4089915641/,"{'companyApplyUrl': 'https://grupokasaautomotriz.pandape.computrabajo.com/Detail/8239682?ov=19&utm_source=linkedinjobboard&utm_medium=referral&utm_campaign=feed&utm_term=organic&utm_content=ats', 'easyApplyUrl': ''}","{'id': 9590931, 'name': 'Grupo Kasa Automotriz', 'universalName': 'grupo-kasa-automotriz', 'description': 'Grupo Kasa Automotriz es líder entre de las concesionarias automotrices en México. Nuestra amplía experiencia, visión y enfoque nos ha convertido en referente dentro del mercado. A lo largo de más de cuarenta años, hemos mantenido un crecimiento continuo que nos ha permitido ser más rentables y competitivos. Contamos con 30 Agencias en el centro del país generando empleos para más de 2000 personas que comparten la visión de calidad y servicio que Grupo Kasa se ha caracterizado por brindar durante todo este tiempo.', 'logo': 'https://media.licdn.com/dms/image/v2/C4D0BAQHNvXPqwV1f7w/company-logo_200_200/company-logo_200_200/0/1631341474237?e=1741824000&v=beta&t=LuMwRmsu6bFooteHTRKUr8uDIdI-C437Ua1lLD9IoRI', 'url': 'https://www.linkedin.com/company/grupo-kasa-automotriz', 'followerCount': 5282, 'staffCount': 279, 'staffCountRange': {'start': 1001, 'end': 5000}, 'industries': ['Motor Vehicle Manufacturing'], 'headquarter': {'geographicArea': 'México', 'country': 'MX', 'city': 'Tlanepantla de Baz'}}","Tlalnepantla de Baz, México, Mexico",Full-time,21,81,1735890132000,"['Sales', 'Business Development']","['SALE', 'BD']",[1292],['Retail Motor Vehicles'],Mid-Senior level,1733298132000,1733298132000,"['Business Development', 'Business-to-Business (B2B)', 'Client Prospecting', 'Customer Base', 'Direct Sales', 'Following Up', 'Sales', 'Sales Management', 'Sales Operations', 'Sales Processes']"
LISTED,4053061837,SCM Analyst 2 - Analyst Affiliate Supply,"With a focus on Mobility, Operational Excellence, Value to our Customers and the Electrification of vehicles, you can expect to be part of something exciting. From the sleek design of our vehicles to the unique opportunities we offer around the globe, Nissan exemplifies ingenuity in everything we do. Our people are what drive the business forward.

We are currently looking for a SCM Analyst 2 to join our team in Nissan Aftersales.

Job Summary:

The Aftersales Parts Supply Team is responsible for a variety of inventory control activities which support Nissan and Infiniti dealerships and Export customers with service parts availability. Specific activities include planning and placing service part orders to Nissan approved global suppliers along with expediting and follow-up of service part orders into Nissan's distribution network. This role specifically works directly with global suppliers and collaborates cross-functionally with supply chain functions such as Inventory Management, PDC operations, logistics, packaging, dealer support along with APO, technical teams such as PPE and Engineering, TCS, and other functions supporting customers.

Job functions include but are not limited to:

Daily collaboration with suppliers to ensure timely shipment of open orders, obtaining ETA information for escalated situations, expediting critical parts to resolve backorder situations, etc. Collaborates with NNA team to identify solutions to supplier challenges and help implement process changes that will improve the overall performance of the supplier's ability to provide service parts on timeMonitors demand changes and analyzes requirements. Intermediate forecast maintenance, demand management, and replenishment of ordersInterfaces with related departments to solve purchasing, technical, accounting, and shipping issues. Investigates and resolves issues associated with their suppliers regarding labeling, packaging, receiving, quality, invoicing, and transportationMonitors and reports eligibility of scrap for old model parts as well as responsible for ordering and procuring new model parts for new vehicle productionProvide direction to small staff to ensure an even flow to workload among the teams as well as being responsive to onboard and train new team membersHandle more difficult suppliers to ensure proper support is provided to the team and assisting in problem resolutionSupport leadership with analysis and reporting as necessaryProvide 1 on 1 mentoring to SCM analyst 1 team members

Minimal Qualifications:

Education: Bachelor's Degree from an accredited university plus a minimum four years of directly related professional experience in supply chain/inventory control functions

Experience:

Preferred experience using MRP or other dynamic inventory control systems (3-4years)Preferred experience in master scheduling, engineering change control, statistical analysis, inventory control systems, obsolescence control, and familiarity with purchasing systems

Language: Advanced English

Computer Skills:

Advanced with Microsoft Office (Word, Excel, and Power Point)Inventory Control and Forecast Planning Tools

Travel: Ability to travel locally and internationally up to 25%

Job Knowledge and Skill:

Proactive and work independentlyDrivenGood English interpersonal, oral, and written communication skillsAnalytical and problem solving skillsAbility to interface with managementAbility to communicate and negotiate with suppliersBasic understanding of principles, concepts, practices, and standards related to supply and demand

By applying for the advertised position, candidates acknowledge that Nissan Mexicana and its subsidiaries reserve the right to conduct a public conduct search due to the sensitive nature of the assets and information involved in the role. This includes, but is not limited to, proprietary information, financial data, and other assets requiring safeguarding. Nissan Mexicana and its subsidiaries assure confidentiality and compliance with all legal requirements regarding the use of such information. By applying for this position, you are consenting to this check.

Nissan (NMEX, NRFS, NRFM y ANZEN) realiza contrataciones con base al cumplimiento del perfil de puesto en la vacante, sin distinción, ni discriminación por género, identidad y/o expresión de género, orientación sexual, raza, color, idioma, religión, opinión política o de cualquier otra índole, origen nacional o social, posición económica, nacimiento o cualquier otra condición. 

Nissan (NMEX, NRFS, NRFM and ANZEN) hires based on the fulfillment of the job profile in the vacancy, without distinction or discrimination based on gender, gender identity and/or expression, sexual orientation, race, color, language, religion, political or any other opinion, national or social origin, economic position, birth or any other condition.

Aguascalientes Aguascalientes Mexico",https://www.linkedin.com/jobs/view/4053061837/,"{'companyApplyUrl': 'https://alliance.wd3.myworkdayjobs.com/en-US/nissanjobs/job/scm-analyst-2---analyst-affiliate-supply_r00176389?source=LinkedIn', 'easyApplyUrl': ''}","{'id': 221027, 'name': 'Nissan Motor Corporation', 'universalName': 'nissan-motor-corporation', 'description': 'Nissan Motor Corporation is a global car manufacturer that sells a full line of vehicles under the Nissan and INFINITI brands. Nissan’s global headquarters in Yokohama, Japan, manages operations in four regions: Japan-ASEAN, China, Americas, and AMIEO (Africa, Middle East, India, Europe & Oceania). For more information about our products, services and commitment to sustainable mobility, visit nissan-global.com. You can also follow us on Facebook, Instagram, Twitter and LinkedIn and see all our latest videos on YouTube.', 'logo': 'https://media.licdn.com/dms/image/v2/C560BAQG9AS7VlhF_rw/company-logo_200_200/company-logo_200_200/0/1672560394038/nissan_motor_corporation_logo?e=1741824000&v=beta&t=fHXZocUfd1ciM2_nD8PBihdlFcMaR9mU5jVaGGMFLec', 'url': 'https://www.linkedin.com/company/nissan-motor-corporation', 'followerCount': 1618744, 'staffCount': 42880, 'staffCountRange': {'start': 10001}, 'specialities': ['manufacture', 'sale', 'financial services', 'automotive'], 'industries': ['Motor Vehicle Manufacturing'], 'headquarter': {'geographicArea': 'Kanagawa', 'country': 'JP', 'city': 'Yokohama-shi', 'postalCode': '220-8686', 'line1': '1-1, Takashima 1-chome,'}}","Aguascalientes, Aguascalientes, Mexico",Full-time,55,378,1736944698000,"['Management', 'Manufacturing']","['MGMT', 'MNFC']",[53],['Motor Vehicle Manufacturing'],Mid-Senior level,1733133888000,1729167728000,"['Analytical Skills', 'Communication', 'Computer Literacy', 'English', 'Inventory Control', 'Material Requirements Planning (MRP)', 'Problem Solving', 'Software Configuration Management', 'Supply Chain Management', 'Written Communication']"
LISTED,4087977403,Customer Services representative,"Job Summary

The position is responsible for providing excellent and efficient quality service in inbound calls from Customers/Businesses that own a vehicle through Nissan Motor Acceptance Corporation (NMAC) or Infiniti Financial Services (IFS) in regards to any inquiry, complaint, and/or question they have regarding their loan and/or lease accounts (Including technical Support assistance to the NMAC/IFS Website). Also providing such service to NMAC/IFS Dealerships, Insurance Companies, and/or 3rd Parties (i.e. Other Financial Institutions) inquiring on subjects like Payoffs, Total Loss, Vehicle Damage, Titles, and others. The majority of the calls are in English but there might be a few calls in Spanish.

Responsibilities

Receives a standard number of inbound phone calls on active/inactive accounts from NMAC/IFS Customers or Businesses, NMAC/IFS Dealerships, and/or Third Parties (Other Financial institutions, insurance companies, etc.) resolving inquiries, handling complaints, and walking them through the correct process according to their original request. The agent will have to identify the current Account status for appropriate action on both Retail and Lease NMAC/IFS phone calls regarding a Total Loss incident, Vehicle Damage, Titles, End of Term, Interest rate, Post Maturity Date, and other subjectsMaintains a Quality Standard on all phone calls received/made guaranteeing a minimum overall average percentage of 85% following our Call model to assure all Compliance, State, and Federal regulations are within guidelines. Must be able to utilize all tools and resources available to proactively resolve our Customer's concerns and prevent any further callbacks. Must be able to follow all Adherence guidelines to achieve a minimum target of 95%

Requirements

High School Diploma; BA Degree preferredKnowledge of Excellent Customer Service Techniques (Call Center based preferably)Fluent EnglishMS Office Intermediate

Skills

Basic understanding of the auto finance industry. Empathetic with difficult situationsActive ListeningCustomer FocusGood Grammar and Communication Skills Problem-Solving and Negotiation Skills

Schedule:

Availability to work 48 hrs per week

Schedules could fall within the time frame (6:00 am until 9:00 pm) from Monday - Friday and Saturdays from 6:00 am until 5:30 pm

Depending on Department requirements a 6 day or 5 schedule will be assigned for at least 6 months.

Nissan (NMEX,NEdM, NRFS, NRFM y ANZEN) realiza contrataciones con base al cumplimiento del perfil de puesto en la vacante, sin distinción (ni discriminación por género, identidad y/o expresión de género, orientación sexual, ) raza, color, idioma, religión, opinión política o de cualquier otra índole, origen nacional o social, posición económica, nacimiento o cualquier otra condición. Nissan (NMEX,NEdM, NRFS, NRFM and ANZEN) hires based on the fulfillment of the job profile in the vacancy, without distinction or discrimination based on gender, gender identity and/or expression, sexual orientation, race, color, language, religion, political or any other opinion, national or social origin, economic position, birth or any other condition. 

Aguascalientes Aguascalientes Mexico",https://www.linkedin.com/jobs/view/4087977403/,"{'companyApplyUrl': 'https://alliance.wd3.myworkdayjobs.com/en-US/nissanjobs/job/customer-services-representative_r00178502?source=LinkedIn', 'easyApplyUrl': ''}","{'id': 221027, 'name': 'Nissan Motor Corporation', 'universalName': 'nissan-motor-corporation', 'description': 'Nissan Motor Corporation is a global car manufacturer that sells a full line of vehicles under the Nissan and INFINITI brands. Nissan’s global headquarters in Yokohama, Japan, manages operations in four regions: Japan-ASEAN, China, Americas, and AMIEO (Africa, Middle East, India, Europe & Oceania). For more information about our products, services and commitment to sustainable mobility, visit nissan-global.com. You can also follow us on Facebook, Instagram, Twitter and LinkedIn and see all our latest videos on YouTube.', 'logo': 'https://media.licdn.com/dms/image/v2/C560BAQG9AS7VlhF_rw/company-logo_200_200/company-logo_200_200/0/1672560394038/nissan_motor_corporation_logo?e=1741824000&v=beta&t=fHXZocUfd1ciM2_nD8PBihdlFcMaR9mU5jVaGGMFLec', 'url': 'https://www.linkedin.com/company/nissan-motor-corporation', 'followerCount': 1618744, 'staffCount': 42880, 'staffCountRange': {'start': 10001}, 'specialities': ['manufacture', 'sale', 'financial services', 'automotive'], 'industries': ['Motor Vehicle Manufacturing'], 'headquarter': {'geographicArea': 'Kanagawa', 'country': 'JP', 'city': 'Yokohama-shi', 'postalCode': '220-8686', 'line1': '1-1, Takashima 1-chome,'}}","Aguascalientes, Aguascalientes, Mexico",Full-time,8,100,1735475752000,['Other'],['OTHR'],[53],['Motor Vehicle Manufacturing'],Mid-Senior level,1732883752000,1732882807000,"['Automotive Finance', 'Communication', 'Contact Centers', 'Customer Service', 'Customer Service Representatives', 'English', 'Phone Etiquette', 'Problem Solving', 'Skilled Multi-tasker', 'Spanish']"
LISTED,4087977399,Customer Services representative,"Job Summary

The position is responsible for providing excellent and efficient quality service in inbound calls from Customers/Businesses that own a vehicle through Nissan Motor Acceptance Corporation (NMAC) or Infiniti Financial Services (IFS) in regards to any inquiry, complaint, and/or question they have regarding their loan and/or lease accounts (Including technical Support assistance to the NMAC/IFS Website). Also providing such service to NMAC/IFS Dealerships, Insurance Companies, and/or 3rd Parties (i.e. Other Financial Institutions) inquiring on subjects like Payoffs, Total Loss, Vehicle Damage, Titles, and others. The majority of the calls are in English but there might be a few calls in Spanish.

Responsibilities

Receives a standard number of inbound phone calls on active/inactive accounts from NMAC/IFS Customers or Businesses, NMAC/IFS Dealerships, and/or Third Parties (Other Financial institutions, insurance companies, etc.) resolving inquiries, handling complaints, and walking them through the correct process according to their original request. The agent will have to identify the current Account status for appropriate action on both Retail and Lease NMAC/IFS phone calls regarding a Total Loss incident, Vehicle Damage, Titles, End of Term, Interest rate, Post Maturity Date, and other subjectsMaintains a Quality Standard on all phone calls received/made guaranteeing a minimum overall average percentage of 85% following our Call model to assure all Compliance, State, and Federal regulations are within guidelines. Must be able to utilize all tools and resources available to proactively resolve our Customer's concerns and prevent any further callbacks. Must be able to follow all Adherence guidelines to achieve a minimum target of 95%

Requirements

High School Diploma; BA Degree preferredKnowledge of Excellent Customer Service Techniques (Call Center based preferably)Fluent EnglishMS Office Intermediate

Skills

Basic understanding of the auto finance industry. Empathetic with difficult situationsActive ListeningCustomer FocusGood Grammar and Communication Skills Problem-Solving and Negotiation Skills

Schedule:

Availability to work 48 hrs per week

Schedules could fall within the time frame (6:00 am until 9:00 pm) from Monday - Friday and Saturdays from 6:00 am until 5:30 pm

Depending on Department requirements a 6 day or 5 schedule will be assigned for at least 6 months.

Nissan (NMEX,NEdM, NRFS, NRFM y ANZEN) realiza contrataciones con base al cumplimiento del perfil de puesto en la vacante, sin distinción (ni discriminación por género, identidad y/o expresión de género, orientación sexual, ) raza, color, idioma, religión, opinión política o de cualquier otra índole, origen nacional o social, posición económica, nacimiento o cualquier otra condición. Nissan (NMEX,NEdM, NRFS, NRFM and ANZEN) hires based on the fulfillment of the job profile in the vacancy, without distinction or discrimination based on gender, gender identity and/or expression, sexual orientation, race, color, language, religion, political or any other opinion, national or social origin, economic position, birth or any other condition. 

Aguascalientes Aguascalientes Mexico",https://www.linkedin.com/jobs/view/4087977399/,"{'companyApplyUrl': 'https://alliance.wd3.myworkdayjobs.com/en-US/nissanjobs/job/customer-services-representative_r00178501?source=LinkedIn', 'easyApplyUrl': ''}","{'id': 221027, 'name': 'Nissan Motor Corporation', 'universalName': 'nissan-motor-corporation', 'description': 'Nissan Motor Corporation is a global car manufacturer that sells a full line of vehicles under the Nissan and INFINITI brands. Nissan’s global headquarters in Yokohama, Japan, manages operations in four regions: Japan-ASEAN, China, Americas, and AMIEO (Africa, Middle East, India, Europe & Oceania). For more information about our products, services and commitment to sustainable mobility, visit nissan-global.com. You can also follow us on Facebook, Instagram, Twitter and LinkedIn and see all our latest videos on YouTube.', 'logo': 'https://media.licdn.com/dms/image/v2/C560BAQG9AS7VlhF_rw/company-logo_200_200/company-logo_200_200/0/1672560394038/nissan_motor_corporation_logo?e=1741824000&v=beta&t=fHXZocUfd1ciM2_nD8PBihdlFcMaR9mU5jVaGGMFLec', 'url': 'https://www.linkedin.com/company/nissan-motor-corporation', 'followerCount': 1618744, 'staffCount': 42880, 'staffCountRange': {'start': 10001}, 'specialities': ['manufacture', 'sale', 'financial services', 'automotive'], 'industries': ['Motor Vehicle Manufacturing'], 'headquarter': {'geographicArea': 'Kanagawa', 'country': 'JP', 'city': 'Yokohama-shi', 'postalCode': '220-8686', 'line1': '1-1, Takashima 1-chome,'}}","Aguascalientes, Aguascalientes, Mexico",Full-time,7,69,1735475751000,['Other'],['OTHR'],[53],['Motor Vehicle Manufacturing'],Mid-Senior level,1732883751000,1732882806000,"['Automotive Finance', 'Communication', 'Contact Centers', 'Customer Service', 'Customer Service Representatives', 'English', 'Phone Etiquette', 'Problem Solving', 'Skilled Multi-tasker', 'Spanish']"
LISTED,4069088141,Warranty Recovery Specialist,"The Warranty Recovery Specialist is responsible for the pursuit of fair and equitable cost recovery from our supplier partners. The selected individual will have experience in managing cross-functionally and possess a broad knowledge of the automotive engineering, manufacturing and quality landscape. The candidate must be high-energy, hands-on individual with strength of convictions -- a self-confident leader who, in part due to his/her personal presence, style and demeanor, effectively sells ideas and solutions to others. Moreover, this person must have unquestioned integrity.  

 Strong communication skills to support meetings at all levels of the company, including senior leadership. Establish partnerships both internally and externally and to influence without direct authority.

Commitment and dedication in delivering a premier product to the consumer. Contribute or drive team success by clarifying expectation and minimizing political hurdles. Demonstrate unwavering commitment to delivering results and champion achievements. Exhibit a willingness to do things differently and consistently translate ideas into actions that deliver results. Strong interpersonal skills with ability to work in a team environment.  

Basic Qualifications

Bachelor's degree in technical discipline Minimum of 5 years of experience in the automotive industry and/or manufacturing Strong communication and presentation skills to support meetings at all levels High-energy, hands-on individual with strength of conviction who can effectively sell ideas and solutions to others Undisputed integrity Microsoft Office suite proficiency  

Preferred Qualifications:  

Master's degree Warranty / Quality experience  Data analysis experience Finance/accounting experience Ability to drive team success by clarifying expectations and minimizing political hurdles  Self-motivated with strong interpersonal skills to establish partnerships both internally and externally to influence without direct authority

At Stellantis, we assess candidates based on qualifications, merit and business needs. We welcome applications from people of all gender identities, age, ethnicity, nationality, religion, sexual orientation and disability. Diverse teams will allow us to better meet the evolving needs of our customers and care for our AnnualAt Stellantis, we assess candidates based on qualifications, merit and business needs. We welcome applications from people of all gender identities, age, ethnicity, nationality, religion, sexual orientation and disability. Diverse teams will allow us to better meet the evolving needs of our customers and care for our future.",https://www.linkedin.com/jobs/view/4069088141/,"{'companyApplyUrl': 'https://FCA.contacthr.com/144176917', 'easyApplyUrl': ''}","{'id': 66256333, 'name': 'Stellantis', 'universalName': 'stellantis', 'description': 'Our storied and iconic brands embody the passion of their visionary founders and today’s customers in their innovative products and services: they include Abarth, Alfa Romeo, Chrysler, Citroën, Dodge, DS Automobiles, Fiat, Jeep®, Lancia, Maserati, Opel, Peugeot, Ram, Vauxhall and mobility brands Free2move and Leasys. Powered by our diversity, we lead the way the world moves – aspiring to become the greatest sustainable mobility tech company, not the biggest, while creating added value for all stakeholders as well as the communities in which we operate. ', 'logo': 'https://media.licdn.com/dms/image/v2/C4D0BAQHURyWugU5A4g/company-logo_200_200/company-logo_200_200/0/1630577492034/stellantis_logo?e=1741824000&v=beta&t=DMDPhouGP2sr8j1QYXMtB667wkalzGnBuYcv3mNbWYI', 'url': 'https://www.linkedin.com/company/stellantis', 'followerCount': 2132450, 'staffCount': 111743, 'staffCountRange': {'start': 10001}, 'specialities': ['Automotive', 'Mobility', 'Tech'], 'industries': ['Motor Vehicle Manufacturing'], 'headquarter': {'country': 'NL', 'city': 'Amsterdam'}}","Mexico City, Mexico",Full-time,53,351,1735980978000,['Other'],['OTHR'],[53],['Motor Vehicle Manufacturing'],not mentioned,1732616810000,1730780657000,"['Analytical Skills', 'Automobiles', 'Automotive', 'Automotive Engineering', 'Communication', 'Interpersonal Skills', 'Mental Health', 'Presentation Skills', 'Presentations', 'Self-confidence']"
LISTED,4093779820,Asesor FT Welcome,"Objetivo de la posición:

Realizar llamadas de inbound y outbound para dar la bienvenida a los clientes que acaban de adquiri su crédito en NRFM.

Experiencia:

 Deseable experiencia en Call Center.  Trabajo bajo presión.  Experiencia en servicio al cliente.  Manejo básico de Office. 

Competencias deseables:

 Facilidad de palabra.  Orientado a resultados.  Orientado al cambio.  Capacidad de aprendizaje rápido.  Buena organización.  Trabajo en equipo. 

Horario laboral:

Lunes a Viernes de 9:00 a.m. a 7:00 p.m. y guardias los Sabatinas (3 horas).

Nissan (NMEX,NEdM, NRFS, NRFM y ANZEN) realiza contrataciones con base al cumplimiento del perfil de puesto en la vacante, sin distinción (ni discriminación por género, identidad y/o expresión de género, orientación sexual, ) raza, color, idioma, religión, opinión política o de cualquier otra índole, origen nacional o social, posición económica, nacimiento o cualquier otra condición. Al postularse para el puesto anunciado, los candidatos reconocen que Nissan Mexicana y sus subsidiarias se reservan el derecho de realizar una verificación de conducta pública debido a la naturaleza sensible de los activos y la información involucrados en el puesto. Esto incluye, entre otros, información confidencial, datos financieros y otros activos que requieren protección. Nissan Mexicana y sus subsidiarias aseguran la confidencialidad y el cumplimiento de todos los requisitos legales con respecto al uso de dicha información. Al postularse para este puesto, usted está consintiendo esta verificación. 

Aguascalientes Aguascalientes Mexico",https://www.linkedin.com/jobs/view/4093779820/,"{'companyApplyUrl': 'https://alliance.wd3.myworkdayjobs.com/en-US/nissanjobs/job/asesor-ft-welcome_r00178760?source=LinkedIn', 'easyApplyUrl': ''}","{'id': 221027, 'name': 'Nissan Motor Corporation', 'universalName': 'nissan-motor-corporation', 'description': 'Nissan Motor Corporation is a global car manufacturer that sells a full line of vehicles under the Nissan and INFINITI brands. Nissan’s global headquarters in Yokohama, Japan, manages operations in four regions: Japan-ASEAN, China, Americas, and AMIEO (Africa, Middle East, India, Europe & Oceania). For more information about our products, services and commitment to sustainable mobility, visit nissan-global.com. You can also follow us on Facebook, Instagram, Twitter and LinkedIn and see all our latest videos on YouTube.', 'logo': 'https://media.licdn.com/dms/image/v2/C560BAQG9AS7VlhF_rw/company-logo_200_200/company-logo_200_200/0/1672560394038/nissan_motor_corporation_logo?e=1741824000&v=beta&t=fHXZocUfd1ciM2_nD8PBihdlFcMaR9mU5jVaGGMFLec', 'url': 'https://www.linkedin.com/company/nissan-motor-corporation', 'followerCount': 1618744, 'staffCount': 42880, 'staffCountRange': {'start': 10001}, 'specialities': ['manufacture', 'sale', 'financial services', 'automotive'], 'industries': ['Motor Vehicle Manufacturing'], 'headquarter': {'geographicArea': 'Kanagawa', 'country': 'JP', 'city': 'Yokohama-shi', 'postalCode': '220-8686', 'line1': '1-1, Takashima 1-chome,'}}","Aguascalientes, Aguascalientes, Mexico",Full-time,5,27,1736080271000,['Other'],['OTHR'],[53],['Motor Vehicle Manufacturing'],Mid-Senior level,1733488271000,1733487574000,"['Contact Centers', 'Customer Service', 'Facilitation', 'Finance', 'Inbound Marketing', 'Loans', 'Negotiation', 'Oral Communication', 'Pressure Handling', 'Teamwork']"
LISTED,4093781663,Inspector de Calidad,"Descripción general:

Escolaridad: Preperatoria,Preferentemente Técnico de CalidadConfirmación de calidad del productoHabilidad en manejo de vehículosLicencia de conducir. Elaboración de reportes preliminares de calidadDeseable experiencia en el área, de la industria automotriz. Disponibilidad de rolar turnos. (esquema de 4x3)Vacante en el área operativa

Competencias

Capacidad de resolución de problemasTrabajo en equipoConocimiento de Microsoft OfficeNissan (NMEX,NEdM, NRFS, NRFM y ANZEN) realiza contrataciones con base al cumplimiento del perfil de puesto en la vacante, sin distinción (ni discriminación por género, identidad y/o expresión de género, orientación sexual, ) raza, color, idioma, religión, opinión política o de cualquier otra índole, origen nacional o social, posición económica, nacimiento o cualquier otra condición. Nissan (NMEX,NEdM, NRFS, NRFM and ANZEN) hires based on the fulfillment of the job profile in the vacancy, without distinction or discrimination based on gender, gender identity and/or expression, sexual orientation, race, color, language, religion, political or any other opinion, national or social origin, economic position, birth or any other condition. 

Aguascalientes Aguascalientes Mexico",https://www.linkedin.com/jobs/view/4093781663/,"{'companyApplyUrl': 'https://alliance.wd3.myworkdayjobs.com/en-US/nissanjobs/job/inspector-de-calidad_r00178788?source=LinkedIn', 'easyApplyUrl': ''}","{'id': 221027, 'name': 'Nissan Motor Corporation', 'universalName': 'nissan-motor-corporation', 'description': 'Nissan Motor Corporation is a global car manufacturer that sells a full line of vehicles under the Nissan and INFINITI brands. Nissan’s global headquarters in Yokohama, Japan, manages operations in four regions: Japan-ASEAN, China, Americas, and AMIEO (Africa, Middle East, India, Europe & Oceania). For more information about our products, services and commitment to sustainable mobility, visit nissan-global.com. You can also follow us on Facebook, Instagram, Twitter and LinkedIn and see all our latest videos on YouTube.', 'logo': 'https://media.licdn.com/dms/image/v2/C560BAQG9AS7VlhF_rw/company-logo_200_200/company-logo_200_200/0/1672560394038/nissan_motor_corporation_logo?e=1741824000&v=beta&t=fHXZocUfd1ciM2_nD8PBihdlFcMaR9mU5jVaGGMFLec', 'url': 'https://www.linkedin.com/company/nissan-motor-corporation', 'followerCount': 1618744, 'staffCount': 42890, 'staffCountRange': {'start': 10001}, 'specialities': ['manufacture', 'sale', 'financial services', 'automotive'], 'industries': ['Motor Vehicle Manufacturing'], 'headquarter': {'geographicArea': 'Kanagawa', 'country': 'JP', 'city': 'Yokohama-shi', 'postalCode': '220-8686', 'line1': '1-1, Takashima 1-chome,'}}","Aguascalientes, Aguascalientes, Mexico",Full-time,26,89,1736080271000,['Quality Assurance'],['QA'],[53],['Motor Vehicle Manufacturing'],Mid-Senior level,1733488271000,1733487577000,"['5S', 'Automobiles', 'Construction Site Inspections', 'ISO Standards', 'Problem Solving', 'Product Quality', 'Quality Control', 'Quality Management', 'Quality System', 'Teamwork']"
LISTED,4073542347,Analista de Adquisiciones - Control de Producción,"VACANTE TEMPORAL, INICIO DE ACTIVIDADES POR DEFINIR -

Misión:

Administrar materiales y refacciones de la planta así como la liberación de materiales.

Responsabilidades:

Analizar el inventario para garantizar los requerimientos de los usuarios de planta. Controlar el incremento de partes sin movimientos, para llevar acabo el control de inventario y evitar el sobre stock. Analizar las partes sin movimientos con el objetivo de controlar el inventario y evitar el sobre stock. Ejecutar y verificar que los procesos a su cargo se realicen con los estándares establecidos en materia de calidad, seguridad, salud y medio ambiente, para prevenir incidentes, accidentes, fallas administrativas y asegurar la calidad del producto. 

Perfil:

Escolaridad: Bachillerato, carrera trunca.

Experiencia: 2 años de experiencia en el área.

Habilidades y conocimientos: Manejo y control de inventarios, Office intermedio, servicio al cliente, negociación con proveedores, inglés intermedio.

Esquema de trabajo: Presencial.

Nissan (NMEX,NEdM, NRFS, NRFM y ANZEN) realiza contrataciones con base al cumplimiento del perfil de puesto en la vacante, sin distinción (ni discriminación por género, identidad y/o expresión de género, orientación sexual, ) raza, color, idioma, religión, opinión política o de cualquier otra índole, origen nacional o social, posición económica, nacimiento o cualquier otra condición. Nissan (NMEX,NEdM, NRFS, NRFM and ANZEN) hires based on the fulfillment of the job profile in the vacancy, without distinction or discrimination based on gender, gender identity and/or expression, sexual orientation, race, color, language, religion, political or any other opinion, national or social origin, economic position, birth or any other condition.",https://www.linkedin.com/jobs/view/4073542347/,"{'companyApplyUrl': 'https://alliance.wd3.myworkdayjobs.com/en-US/nissanjobs/job/analista-de-adquisiciones---control-de-produccin_r00149658?source=LinkedIn', 'easyApplyUrl': ''}","{'id': 221027, 'name': 'Nissan Motor Corporation', 'universalName': 'nissan-motor-corporation', 'description': 'Nissan Motor Corporation is a global car manufacturer that sells a full line of vehicles under the Nissan and INFINITI brands. Nissan’s global headquarters in Yokohama, Japan, manages operations in four regions: Japan-ASEAN, China, Americas, and AMIEO (Africa, Middle East, India, Europe & Oceania). For more information about our products, services and commitment to sustainable mobility, visit nissan-global.com. You can also follow us on Facebook, Instagram, Twitter and LinkedIn and see all our latest videos on YouTube.', 'logo': 'https://media.licdn.com/dms/image/v2/C560BAQG9AS7VlhF_rw/company-logo_200_200/company-logo_200_200/0/1672560394038/nissan_motor_corporation_logo?e=1741824000&v=beta&t=fHXZocUfd1ciM2_nD8PBihdlFcMaR9mU5jVaGGMFLec', 'url': 'https://www.linkedin.com/company/nissan-motor-corporation', 'followerCount': 1618744, 'staffCount': 42880, 'staffCountRange': {'start': 10001}, 'specialities': ['manufacture', 'sale', 'financial services', 'automotive'], 'industries': ['Motor Vehicle Manufacturing'], 'headquarter': {'geographicArea': 'Kanagawa', 'country': 'JP', 'city': 'Yokohama-shi', 'postalCode': '220-8686', 'line1': '1-1, Takashima 1-chome,'}}","Jiutepec, Morelos, Mexico",Full-time,71,373,1736426062000,"['Purchasing', 'Supply Chain']","['PRCH', 'SUPL']",[53],['Motor Vehicle Manufacturing'],Entry level,1733133866000,1731241274000,"['Inventory Control', 'Logistics Management', 'Negotiation', 'Procurement', 'Purchase Orders', 'Purchasing', 'Purchasing Processes', 'SAP Products', 'Supplier Negotiation', 'Supply Chain Management']"
LISTED,4087976432,Customer Service Agent,"Job Summary

The position is responsible for providing excellent and efficient quality service in inbound calls from Customers/Businesses that own a vehicle through Nissan Motor Acceptance Corporation (NMAC) or Infiniti Financial Services (IFS) in regard to any inquiry, complaint, and/or question they have regarding their loan and/or lease accounts (Including technical Support assistance to the NMAC/IFS Website). Also providing such service to NMAC/IFS Dealerships, Insurance Companies, and/or 3rd Parties (i.e. Other Financial Institutions) inquiring on subjects like Payoffs, Total Loss, Vehicle Damage, Titles, and others. The majority of the calls are in English but there might be a few calls in Spanish.

Responsibilities

Receives a standard number of inbound phone calls on active/inactive accounts from NMAC/IFS Customers or Businesses, NMAC/IFS Dealerships, and/or Third Parties (Other Financial institutions, insurance companies, etc.) resolving inquiries, handling complaints, and walking them through the correct process according to their original request. The agent will have to identify the current Account status for appropriate action on both Retail and Lease NMAC/IFS phone calls regarding a Total Loss incident, Vehicle Damage, Titles, End of Term, Interest rate, Post Maturity Date, and other subjectsMaintains a Quality Standard on all phone calls received/made guaranteeing a minimum overall average percentage of 85% following our Call model to assure all Compliance, State, and Federal regulations are within guidelines. Must be able to utilize all tools and resources available to proactively resolve our customer's concerns and prevent any further callbacks. Must be able to follow all Adherence guidelines to achieve a minimum target of 95%

Requirements

High School Diploma; BA Degree preferredKnowledge of Excellent Customer Service Techniques (Call Center based preferably)Fluent EnglishMS Office Intermediate

Skills

Basic understanding of the auto finance industry. Empathetic with difficult situationsActive ListeningCustomer FocusGood Grammar and Communication Skills Problem-Solving and Negotiation Skills

Schedule:

Availability to work 48 hrs per week

Schedules could fall within the time frame (6:00 am until 9:00 pm) from Monday - Friday and Saturdays from 6:00 am until 5:30 pm

Depending on Department requirements a 6 day or 5 schedule will be assigned for at least 6 months.

Nissan (NMEX,NEdM, NRFS, NRFM y ANZEN) realiza contrataciones con base al cumplimiento del perfil de puesto en la vacante, sin distinción (ni discriminación por género, identidad y/o expresión de género, orientación sexual, ) raza, color, idioma, religión, opinión política o de cualquier otra índole, origen nacional o social, posición económica, nacimiento o cualquier otra condición. Nissan (NMEX,NEdM, NRFS, NRFM and ANZEN) hires based on the fulfillment of the job profile in the vacancy, without distinction or discrimination based on gender, gender identity and/or expression, sexual orientation, race, color, language, religion, political or any other opinion, national or social origin, economic position, birth or any other condition. By applying for the advertised position, candidates acknowledge that Nissan Mexicana and its subsidiaries reserve the right to conduct a public conduct search due to the sensitive nature of the assets and information involved in the role. This includes, but is not limited to, proprietary information, financial data, and other assets requiring safeguarding. Nissan Mexicana and its subsidiaries assure confidentiality and compliance with all legal requirements regarding the use of such information. By applying for this position, you are consenting to this check. 

Aguascalientes Aguascalientes Mexico",https://www.linkedin.com/jobs/view/4087976432/,"{'companyApplyUrl': 'https://alliance.wd3.myworkdayjobs.com/en-US/nissanjobs/job/customer-service-agent_r00178381?source=LinkedIn', 'easyApplyUrl': ''}","{'id': 221027, 'name': 'Nissan Motor Corporation', 'universalName': 'nissan-motor-corporation', 'description': 'Nissan Motor Corporation is a global car manufacturer that sells a full line of vehicles under the Nissan and INFINITI brands. Nissan’s global headquarters in Yokohama, Japan, manages operations in four regions: Japan-ASEAN, China, Americas, and AMIEO (Africa, Middle East, India, Europe & Oceania). For more information about our products, services and commitment to sustainable mobility, visit nissan-global.com. You can also follow us on Facebook, Instagram, Twitter and LinkedIn and see all our latest videos on YouTube.', 'logo': 'https://media.licdn.com/dms/image/v2/C560BAQG9AS7VlhF_rw/company-logo_200_200/company-logo_200_200/0/1672560394038/nissan_motor_corporation_logo?e=1741824000&v=beta&t=fHXZocUfd1ciM2_nD8PBihdlFcMaR9mU5jVaGGMFLec', 'url': 'https://www.linkedin.com/company/nissan-motor-corporation', 'followerCount': 1618744, 'staffCount': 42880, 'staffCountRange': {'start': 10001}, 'specialities': ['manufacture', 'sale', 'financial services', 'automotive'], 'industries': ['Motor Vehicle Manufacturing'], 'headquarter': {'geographicArea': 'Kanagawa', 'country': 'JP', 'city': 'Yokohama-shi', 'postalCode': '220-8686', 'line1': '1-1, Takashima 1-chome,'}}","Aguascalientes, Aguascalientes, Mexico",Full-time,8,91,1735475752000,['Other'],['OTHR'],[53],['Motor Vehicle Manufacturing'],Mid-Senior level,1732883752000,1732882808000,"['Automotive Finance', 'Communication', 'Contact Centers', 'Customer Service', 'Customer Service Representatives', 'English', 'Phone Etiquette', 'Problem Solving', 'Skilled Multi-tasker', 'Spanish']"
LISTED,4090248670,"Design Engineer 1- Calibration, emissions y OBD (Temporal)","The successful candidate Calibration engineer will be responsible for calibration and managing of engine performance development that optimize engine performance such as Base Calibration and Power Output, Start-ability & Idle speed control, OBD(On board diagnosis) and Tailpipe Exhaust emission by experiments and analysis tools with using engines and vehicles. The Calibration engineer will be focused to meet all internal/external performance target setting and at same time with compliance of current and upcoming regulations.

In addition, the Calibration Engineer requested to support manufacturing and design activities for all Powertrain related matters including new technologies, quality improvement, and cost saving initiatives as well as teamwork with other engineering groups.

Job Functions: 

The selected candidate will be responsible for performing system development and diagnosis calibration work,Definition of experimental test plan and all related workshop activitiesSupport and verification of the test execution, according to the test methodologies, organizing test bench, roller bench, instrumentation, tools and material needs for all experimental activities, identifying and proposing solutions for incoming issues/roadblocksReporting writing or presenting project milestones and key issues to Project managersPerform analysis of data to draw conclusions and provide recommendations to various internal technical teams. Support technical staff in test environment, often operating engine and test cell equipment in real-time during calibration development and testing. Support manufacturing plants and actively participating at cross-functional team for solving powertrain-related matters. 

Education: 

Bachelor's or Master degree in Mechanicals, Automotive or Electrical/Control, Chemistry Engineering - Completed degree.

Years of Experience:

Nice to have 1 to 3 years of experience

Required knowledge: 

Basic experience or knowledge in engine, powertrain control development, design of experiments (DOE) and work with Nissan suppliers or other OEMs.

Language: 

Excellent English verbal and written communication skills. (Business Fluent)

Computer Skills: 

MS Excel, PowerPoint, Office. Programming skills, MATLAB/SIMULINK, a plus

Competences:

Team work skills

Creative to problem solving

Valid driver license

Availability to travel 

Nissan (NMEX,NEdM, NRFS, NRFM y ANZEN) realiza contrataciones con base al cumplimiento del perfil de puesto en la vacante, sin distinción (ni discriminación por género, identidad y/o expresión de género, orientación sexual, ) raza, color, idioma, religión, opinión política o de cualquier otra índole, origen nacional o social, posición económica, nacimiento o cualquier otra condición. Nissan (NMEX,NEdM, NRFS, NRFM and ANZEN) hires based on the fulfillment of the job profile in the vacancy, without distinction or discrimination based on gender, gender identity and/or expression, sexual orientation, race, color, language, religion, political or any other opinion, national or social origin, economic position, birth or any other condition. 

By applying for the advertised position, candidates acknowledge that Nissan Mexicana and its subsidiaries reserve the right to conduct a

public conduct search due to the sensitive nature of the assets and information involved in the role. This includes, but is not limited to, proprietary information, financial data, and other assets requiring safeguarding. Nissan Mexicana and its subsidiaries assure confidentiality and compliance with all legal requirements regarding the use of such information. By applying for this position, you are consenting to this check.

Toluca México Mexico",https://www.linkedin.com/jobs/view/4090248670/,"{'companyApplyUrl': 'https://alliance.wd3.myworkdayjobs.com/en-US/nissanjobs/job/design-engineer-1--calibration--emissions-y-obd--temporal-_r00178498-1?source=LinkedIn', 'easyApplyUrl': ''}","{'id': 221027, 'name': 'Nissan Motor Corporation', 'universalName': 'nissan-motor-corporation', 'description': 'Nissan Motor Corporation is a global car manufacturer that sells a full line of vehicles under the Nissan and INFINITI brands. Nissan’s global headquarters in Yokohama, Japan, manages operations in four regions: Japan-ASEAN, China, Americas, and AMIEO (Africa, Middle East, India, Europe & Oceania). For more information about our products, services and commitment to sustainable mobility, visit nissan-global.com. You can also follow us on Facebook, Instagram, Twitter and LinkedIn and see all our latest videos on YouTube.', 'logo': 'https://media.licdn.com/dms/image/v2/C560BAQG9AS7VlhF_rw/company-logo_200_200/company-logo_200_200/0/1672560394038/nissan_motor_corporation_logo?e=1741824000&v=beta&t=fHXZocUfd1ciM2_nD8PBihdlFcMaR9mU5jVaGGMFLec', 'url': 'https://www.linkedin.com/company/nissan-motor-corporation', 'followerCount': 1618744, 'staffCount': 42890, 'staffCountRange': {'start': 10001}, 'specialities': ['manufacture', 'sale', 'financial services', 'automotive'], 'industries': ['Motor Vehicle Manufacturing'], 'headquarter': {'geographicArea': 'Kanagawa', 'country': 'JP', 'city': 'Yokohama-shi', 'postalCode': '220-8686', 'line1': '1-1, Takashima 1-chome,'}}","Toluca de Lerdo, México, Mexico",Full-time,30,157,1735822882000,"['Engineering', 'Information Technology']","['ENG', 'IT']",[53],['Motor Vehicle Manufacturing'],Entry level,1733230882000,1733230045000,"['Calibration', 'Computer Literacy', 'Computer-Aided Design (CAD)', 'Design Engineering', 'Exhaust', 'Mechanical Engineering', 'Presentations', 'Problem Solving', 'System Development', 'Written Communication']"
LISTED,4069087334,Warranty Recovery Specialist,"The Warranty Recovery Specialist is responsible for the pursuit of fair and equitable cost recovery from our supplier partners. The selected individual will have experience in managing cross-functionally and possess a broad knowledge of the automotive engineering, manufacturing and quality landscape. The candidate must be high-energy, hands-on individual with strength of convictions -- a self-confident leader who, in part due to his/her personal presence, style and demeanor, effectively sells ideas and solutions to others. Moreover, this person must have unquestioned integrity.  

 Strong communication skills to support meetings at all levels of the company, including senior leadership. Establish partnerships both internally and externally and to influence without direct authority.

Commitment and dedication in delivering a premier product to the consumer. Contribute or drive team success by clarifying expectation and minimizing political hurdles. Demonstrate unwavering commitment to delivering results and champion achievements. Exhibit a willingness to do things differently and consistently translate ideas into actions that deliver results. Strong interpersonal skills with ability to work in a team environment.  

Basic Qualifications

Bachelor's degree in technical discipline Minimum of 5 years of experience in the automotive industry and/or manufacturing Strong communication and presentation skills to support meetings at all levels High-energy, hands-on individual with strength of conviction who can effectively sell ideas and solutions to others Undisputed integrity Microsoft Office suite proficiency  

Preferred Qualifications:  

Master's degree Warranty / Quality experience  Data analysis experience Finance/accounting experience Ability to drive team success by clarifying expectations and minimizing political hurdles  Self-motivated with strong interpersonal skills to establish partnerships both internally and externally to influence without direct authority

At Stellantis, we assess candidates based on qualifications, merit and business needs. We welcome applications from people of all gender identities, age, ethnicity, nationality, religion, sexual orientation and disability. Diverse teams will allow us to better meet the evolving needs of our customers and care for our AnnualAt Stellantis, we assess candidates based on qualifications, merit and business needs. We welcome applications from people of all gender identities, age, ethnicity, nationality, religion, sexual orientation and disability. Diverse teams will allow us to better meet the evolving needs of our customers and care for our future.",https://www.linkedin.com/jobs/view/4069087334/,"{'companyApplyUrl': 'https://FCA.contacthr.com/144176912', 'easyApplyUrl': ''}","{'id': 66256333, 'name': 'Stellantis', 'universalName': 'stellantis', 'description': 'Our storied and iconic brands embody the passion of their visionary founders and today’s customers in their innovative products and services: they include Abarth, Alfa Romeo, Chrysler, Citroën, Dodge, DS Automobiles, Fiat, Jeep®, Lancia, Maserati, Opel, Peugeot, Ram, Vauxhall and mobility brands Free2move and Leasys. Powered by our diversity, we lead the way the world moves – aspiring to become the greatest sustainable mobility tech company, not the biggest, while creating added value for all stakeholders as well as the communities in which we operate. ', 'logo': 'https://media.licdn.com/dms/image/v2/C4D0BAQHURyWugU5A4g/company-logo_200_200/company-logo_200_200/0/1630577492034/stellantis_logo?e=1741824000&v=beta&t=DMDPhouGP2sr8j1QYXMtB667wkalzGnBuYcv3mNbWYI', 'url': 'https://www.linkedin.com/company/stellantis', 'followerCount': 2132450, 'staffCount': 111743, 'staffCountRange': {'start': 10001}, 'specialities': ['Automotive', 'Mobility', 'Tech'], 'industries': ['Motor Vehicle Manufacturing'], 'headquarter': {'country': 'NL', 'city': 'Amsterdam'}}","Mexico City, Mexico",Full-time,54,253,1735980978000,['Other'],['OTHR'],[53],['Motor Vehicle Manufacturing'],not mentioned,1732616876000,1730780657000,"['Analytical Skills', 'Automobiles', 'Automotive', 'Automotive Engineering', 'Communication', 'Interpersonal Skills', 'Mental Health', 'Presentation Skills', 'Presentations', 'Self-confidence']"
LISTED,4093781651,Asesor CRM Inbound part time TV,"Nissan (NMEX,NEdM, NRFS, NRFM y ANZEN) realiza contrataciones con base al cumplimiento del perfil de puesto en la vacante, sin distinción (ni discriminación por género, identidad y/o expresión de género, orientación sexual, ) raza, color, idioma, religión, opinión política o de cualquier otra índole, origen nacional o social, posición económica, nacimiento o cualquier otra condición. Nissan (NMEX,NEdM, NRFS, NRFM and ANZEN) hires based on the fulfillment of the job profile in the vacancy, without distinction or discrimination based on gender, gender identity and/or expression, sexual orientation, race, color, language, religion, political or any other opinion, national or social origin, economic position, birth or any other condition. 

Aguascalientes Aguascalientes Mexico",https://www.linkedin.com/jobs/view/4093781651/,"{'companyApplyUrl': 'https://alliance.wd3.myworkdayjobs.com/en-US/nissanjobs/job/asesor-crm-inbound-part-time-tv_r00178275?source=LinkedIn', 'easyApplyUrl': ''}","{'id': 221027, 'name': 'Nissan Motor Corporation', 'universalName': 'nissan-motor-corporation', 'description': 'Nissan Motor Corporation is a global car manufacturer that sells a full line of vehicles under the Nissan and INFINITI brands. Nissan’s global headquarters in Yokohama, Japan, manages operations in four regions: Japan-ASEAN, China, Americas, and AMIEO (Africa, Middle East, India, Europe & Oceania). For more information about our products, services and commitment to sustainable mobility, visit nissan-global.com. You can also follow us on Facebook, Instagram, Twitter and LinkedIn and see all our latest videos on YouTube.', 'logo': 'https://media.licdn.com/dms/image/v2/C560BAQG9AS7VlhF_rw/company-logo_200_200/company-logo_200_200/0/1672560394038/nissan_motor_corporation_logo?e=1741824000&v=beta&t=fHXZocUfd1ciM2_nD8PBihdlFcMaR9mU5jVaGGMFLec', 'url': 'https://www.linkedin.com/company/nissan-motor-corporation', 'followerCount': 1618744, 'staffCount': 42880, 'staffCountRange': {'start': 10001}, 'specialities': ['manufacture', 'sale', 'financial services', 'automotive'], 'industries': ['Motor Vehicle Manufacturing'], 'headquarter': {'geographicArea': 'Kanagawa', 'country': 'JP', 'city': 'Yokohama-shi', 'postalCode': '220-8686', 'line1': '1-1, Takashima 1-chome,'}}","Aguascalientes, Aguascalientes, Mexico",Part-time,7,34,1736080271000,['Other'],['OTHR'],[53],['Motor Vehicle Manufacturing'],Mid-Senior level,1733488271000,1733487568000,"['Client Liaison', 'Customer Experience', 'Customer Relationship Management (CRM)', 'Customer Satisfaction', 'Facilitation', 'French', 'Inbound Marketing', 'Insurance', 'Interpersonal Skills', 'Loans']"
LISTED,4092510813,Production Supervisor,"We are looking for dedicated and talented people who tackle ever-changing challenges, customer needs, and questions from colleagues with clever concepts and creativity. We embrace change and work with curious minds re-inventing the future of work. Join us and let us focus together on what’s truly important: making lives better with new ideas and the latest technology around the world.

Why you’ll love working for Siemens!

 Freedom and a healthy work- life balance– Embrace our flexible work environment with flex hours, telecommuting and digital workspaces. Solve the world’s most significant problems – Be part of exciting and innovative projects. Engaging, challenging, and fast evolving, cutting edge technological environment. Opportunities to advance your career and mentorship programs on a local and global scale. Contribute to our social responsibility initiatives focused on access to education, access to technology and sustaining communities and make a positive impact on the community. Participate in our celebrations, social events and offsite business events. Opportunities to contribute your innovative ideas and get rewards for them! Diversity and inclusivity focused.

What will you do?

 Improve safety for all personnel that work in and around production lines. Drive efforts and initiatives to reduce production fails, improve product quality and increase productivity. Adhere to production schedule by establishing priorities, assigning personnel to work areas, monitoring progress, making personnel/priority adjustments, resolving line constraint problems, and reporting results through shift production summaries. Plan, oversee and document training of personnel. Work closely with purchasing, planning and warehouse teams to ensure material availability and schedule adherence. Maintain working relationship with local union by following the terms of the collective bargaining agreement. Liaison between Manufacturing and Engineering.

What will you need to succeed?

 Experiene as production supervisor Bachelor as Industrial, Mechanical or related Lean Manufacturin knowledge Kaizen Knowledge 6S´s Knowledge SAP knowledge

Equal Employment Opportunity Statement

Siemens is an Equal Opportunity and Affirmative Action Employer encouraging diversity in the workplace. All qualified applicants will receive consideration for employment without regard to their race, color, creed, religion, national origin, citizenship status, ancestry, sex, age, physical or mental disability, marital status, family responsibilities, pregnancy, genetic information, sexual orientation, gender expression, gender identity, transgender, sex stereotyping, protected veteran or military status, and other categories protected by federal, state or local law.",https://www.linkedin.com/jobs/view/4092510813/,"{'companyApplyUrl': 'https://jobs.siemens.com/careers/job/563156121939596?hl=en&sourceType=PREMIUM_POST_SITE&domain=siemens.com', 'easyApplyUrl': ''}","{'id': 1043, 'name': 'Siemens', 'universalName': 'siemens', 'description': 'Siemens AG (Berlin and Munich) is a leading technology company focused on industry, infrastructure, transport, and healthcare. From more resource-efficient factories, resilient supply chains, and smarter buildings and grids, to cleaner and more comfortable transportation as well as advanced healthcare, the company creates technology with purpose adding real value for customers. By combining the real and the digital worlds, Siemens empowers its customers to transform their industries and markets, helping them to transform the everyday for billions of people. Siemens also owns a majority stake in the publicly listed company Siemens Healthineers, a globally leading medical technology provider shaping the future of healthcare. In fiscal 2023, which ended on September 30, 2023, the Siemens Group generated revenue of €77.8 billion and net income of €8.5 billion. As of September 30, 2023, the company employed around 320,000 people worldwide.', 'logo': 'https://media.licdn.com/dms/image/v2/D4D0BAQFK_4wGnzwPTQ/company-logo_200_200/company-logo_200_200/0/1719931174735/siemens_logo?e=1741824000&v=beta&t=urmJKRDC3TM34PZ2NMuLdIZP9phsKWeQzfhZuhGyWZw', 'url': 'https://www.linkedin.com/company/siemens', 'followerCount': 7321162, 'staffCount': 224548, 'staffCountRange': {'start': 10001}, 'specialities': ['Electrification', 'Automation', 'Digitalization', 'Innovation', 'Technology', 'Engineering', 'Manufacturing', 'Artificial Intelligence', 'Internet of Things', 'Cybersecurity', 'Infrastructure', 'Sustainability', 'Digital Twin', 'Metaverse', 'Transport', 'Smart Buildings'], 'industries': ['Automation Machinery Manufacturing'], 'headquarter': {'country': 'DE', 'city': 'Munich', 'postalCode': '80333', 'line1': 'Werner-von-Siemens-Straße 1'}}","Querétaro, Querétaro, Mexico",Full-time,14,48,1736266417000,['Manufacturing'],['MNFC'],[147],['Automation Machinery Manufacturing'],Mid-Senior level,1733674417000,1733662082000,"['5S', '6S', 'Continuous Improvement', 'Establishing Priorities', 'Kaizen', 'Lean Manufacturing', 'Lean Processes', 'Manufacturing', 'Production Planning', 'Supervisory Skills']"
LISTED,4089755336,Modulador,"Descripción General: 

Modulación de partes mediante sistema PokayokeConfirmación de primeras piezas en cada caja. Abasto a línea de producciónConocimiento de números de parteRespeto a la Hoja de Operación EstándarRespeto a las reglas de seguridadTrabajo en equipo y respeto al sistema de 5's

Educación/Certificaciones: Secundaria o bachillerato concluido.

Experiencia: 1 año

Otros conocimientos o habilidades

Office básicoManejo de herramientas

Competencias:

Capacidad de resolución de problemas a su nivelComunicación asertivaTrabajo en equipoNissan (NMEX,NEdM, NRFS, NRFM y ANZEN) realiza contrataciones con base al cumplimiento del perfil de puesto en la vacante, sin distinción (ni discriminación por género, identidad y/o expresión de género, orientación sexual, ) raza, color, idioma, religión, opinión política o de cualquier otra índole, origen nacional o social, posición económica, nacimiento o cualquier otra condición. Nissan (NMEX,NEdM, NRFS, NRFM and ANZEN) hires based on the fulfillment of the job profile in the vacancy, without distinction or discrimination based on gender, gender identity and/or expression, sexual orientation, race, color, language, religion, political or any other opinion, national or social origin, economic position, birth or any other condition. 

Aguascalientes Aguascalientes Mexico",https://www.linkedin.com/jobs/view/4089755336/,"{'companyApplyUrl': 'https://alliance.wd3.myworkdayjobs.com/en-US/nissanjobs/job/modulador_r00178738?source=LinkedIn', 'easyApplyUrl': ''}","{'id': 221027, 'name': 'Nissan Motor Corporation', 'universalName': 'nissan-motor-corporation', 'description': 'Nissan Motor Corporation is a global car manufacturer that sells a full line of vehicles under the Nissan and INFINITI brands. Nissan’s global headquarters in Yokohama, Japan, manages operations in four regions: Japan-ASEAN, China, Americas, and AMIEO (Africa, Middle East, India, Europe & Oceania). For more information about our products, services and commitment to sustainable mobility, visit nissan-global.com. You can also follow us on Facebook, Instagram, Twitter and LinkedIn and see all our latest videos on YouTube.', 'logo': 'https://media.licdn.com/dms/image/v2/C560BAQG9AS7VlhF_rw/company-logo_200_200/company-logo_200_200/0/1672560394038/nissan_motor_corporation_logo?e=1741824000&v=beta&t=fHXZocUfd1ciM2_nD8PBihdlFcMaR9mU5jVaGGMFLec', 'url': 'https://www.linkedin.com/company/nissan-motor-corporation', 'followerCount': 1618744, 'staffCount': 42890, 'staffCountRange': {'start': 10001}, 'specialities': ['manufacture', 'sale', 'financial services', 'automotive'], 'industries': ['Motor Vehicle Manufacturing'], 'headquarter': {'geographicArea': 'Kanagawa', 'country': 'JP', 'city': 'Yokohama-shi', 'postalCode': '220-8686', 'line1': '1-1, Takashima 1-chome,'}}","Aguascalientes, Aguascalientes, Mexico",Full-time,5,44,1735907552000,"['Design', 'Art/Creative', 'Information Technology']","['DSGN', 'ART', 'IT']",[53],['Motor Vehicle Manufacturing'],Entry level,1733315552000,1733314824000,"['Adobe Photoshop', 'Autodesk 3ds Max', 'Building Information Modeling (BIM)', 'Communication', 'Computer-Aided Design (CAD)', 'Line Production', 'Modeling', 'Problem Solving', 'Revit', 'Teamwork']"
LISTED,4073542197,Supervisor de Aseguramiento de Calidad Manufactura CIVAC,"VACANTE TEMPORAL, INICIO DE ACTIVIDADES POR DEFINIR -

Misión:

Coordinar y controlar los recursos humanos y materiales del proceso de producción para garantizar que cumplan con los objetivos establecidos en calidad, costo y seguridad.

Responsabilidades:

Administrar el recurso y confirmar los estándares de cada uno de los procesos para asegurar que se cumplan los requerimientos de calidad. Vigilar el proceso de producción, detectando anomalías y estableciendo acciones de mejora para garantizar la entrega de unidades a ventasCapacitar e instruir al personal para garantizar que cuentan con las habilidades y competencias requeridas para sus funciones. Facilitar al personal las herramientas y recursos necesarios para mantener la producción y generar un buen clima laboral. Verificar que los procesos a su cargo se realizan con los estándares establecidos en materia de calidad, seguridad, salud y medio ambiente, para prevenir incidentes, accidentes, fallas administrativas y asegurar la calidad del producto y proceso. 

Perfil:

Experiencia: 3 años en procesos de calidad.

Escolaridad: Ingeniería Industrial, Mecánica, Eléctrica, Administración, Sistemas de calidad o afín, completa (obligatorio), titulada (preferente).

Conocimientos: Normas de Calidad.

Habilidades técnicas: Administración de personal, manejo de proyectos/desarrollo de nuevos modelos, análisis y uso de herramientas estadísticas.

Software: Office/Excel intermedio; Space vision (preferente).

Esquema de trabajo: Presencial

Nissan (NMEX,NEdM, NRFS, NRFM y ANZEN) realiza contrataciones con base al cumplimiento del perfil de puesto en la vacante, sin distinción (ni discriminación por género, identidad y/o expresión de género, orientación sexual, ) raza, color, idioma, religión, opinión política o de cualquier otra índole, origen nacional o social, posición económica, nacimiento o cualquier otra condición. Nissan (NMEX,NEdM, NRFS, NRFM and ANZEN) hires based on the fulfillment of the job profile in the vacancy, without distinction or discrimination based on gender, gender identity and/or expression, sexual orientation, race, color, language, religion, political or any other opinion, national or social origin, economic position, birth or any other condition.",https://www.linkedin.com/jobs/view/4073542197/,"{'companyApplyUrl': 'https://alliance.wd3.myworkdayjobs.com/en-US/nissanjobs/job/supervisor-de-aseguramiento-de-calidad-manufactura-civac_r00149641?source=LinkedIn', 'easyApplyUrl': ''}","{'id': 221027, 'name': 'Nissan Motor Corporation', 'universalName': 'nissan-motor-corporation', 'description': 'Nissan Motor Corporation is a global car manufacturer that sells a full line of vehicles under the Nissan and INFINITI brands. Nissan’s global headquarters in Yokohama, Japan, manages operations in four regions: Japan-ASEAN, China, Americas, and AMIEO (Africa, Middle East, India, Europe & Oceania). For more information about our products, services and commitment to sustainable mobility, visit nissan-global.com. You can also follow us on Facebook, Instagram, Twitter and LinkedIn and see all our latest videos on YouTube.', 'logo': 'https://media.licdn.com/dms/image/v2/C560BAQG9AS7VlhF_rw/company-logo_200_200/company-logo_200_200/0/1672560394038/nissan_motor_corporation_logo?e=1741824000&v=beta&t=fHXZocUfd1ciM2_nD8PBihdlFcMaR9mU5jVaGGMFLec', 'url': 'https://www.linkedin.com/company/nissan-motor-corporation', 'followerCount': 1618744, 'staffCount': 42890, 'staffCountRange': {'start': 10001}, 'specialities': ['manufacture', 'sale', 'financial services', 'automotive'], 'industries': ['Motor Vehicle Manufacturing'], 'headquarter': {'geographicArea': 'Kanagawa', 'country': 'JP', 'city': 'Yokohama-shi', 'postalCode': '220-8686', 'line1': '1-1, Takashima 1-chome,'}}","Jiutepec, Morelos, Mexico",Full-time,73,326,1736426061000,['Quality Assurance'],['QA'],[53],['Motor Vehicle Manufacturing'],Mid-Senior level,1733134164000,1731241211000,"['Electricity', 'Food Safety', 'Good Manufacturing Practice (GMP)', 'Hazard Analysis and Critical Control Points (HACCP)', 'Product Quality', 'Quality Assurance', 'Quality Control', 'Quality Management', 'Quality System', 'Statistical Tools']"
